json,主導企業名稱,計劃名稱,企業網址,計畫起訖時間,計畫總經費,計畫補助款,計畫自籌款,link
outputs/1061.json,翔威科技股份有限公司,銀髮族尋根與傳承智慧型服務與營運先期規劃,http://www.hynt.com/,"97年3月1日 至 97年8月31日","3,000 仟元","1,000 仟元","2,000 仟元",http://itas.tdp.org.tw/content/application/itas/plan_apply/guest-cnt-browse.php?cnt_id=1061
outputs/1065.json,資通電腦股份有限公司,電子電機產業EuP整合服務平台建置計畫,,"96年11月1日 至 98年10月31日","51,800 仟元","21,700 仟元","30,100 仟元",http://itas.tdp.org.tw/content/application/itas/plan_apply/guest-cnt-browse.php?cnt_id=1065
outputs/1066.json,融易網路股份有限公司,"資訊產業RoHS SCM產品化擴散計畫",,"96年11月1日 至 98年10月31日","13,900 仟元","5,100 仟元","8,800 仟元",http://itas.tdp.org.tw/content/application/itas/plan_apply/guest-cnt-browse.php?cnt_id=1066
outputs/1071.json,太極影音科技股份有限公司,廣播級影音產業數位化及電子化運籌服務示範應用計畫（規劃案）,,"93年3月1日 至 93年5月31日","4,889 仟元","1,500 仟元","3,389 仟元",http://itas.tdp.org.tw/content/application/itas/plan_apply/guest-cnt-browse.php?cnt_id=1071
outputs/1072.json,網際優勢股份有限公司,鋼鐵跨產業共通金流服務平台計畫（規劃案）,,"93年7月1日 至 93年12月31日","5,000 仟元","2,280 仟元","2,720 仟元",http://itas.tdp.org.tw/content/application/itas/plan_apply/guest-cnt-browse.php?cnt_id=1072
outputs/1074.json,關貿網路股份有限公司,運籌服務計畫,,"91年7月1日 至 92年6月30日","114,675 仟元","36,000 仟元","78,675 仟元",http://itas.tdp.org.tw/content/application/itas/plan_apply/guest-cnt-browse.php?cnt_id=1074
outputs/1075.json,華通電腦股份有限公司,協同工程與金流電子化(規劃案),,"90年12月1日 至 91年3月31日","4,529 仟元","1,600 仟元","2,929 仟元",http://itas.tdp.org.tw/content/application/itas/plan_apply/guest-cnt-browse.php?cnt_id=1075
outputs/1076.json,中環股份有限公司,中環全球運籌深化計畫,,"93年10月1日 至 94年1月31日","4,986 仟元","1,700 仟元","3,286 仟元",http://itas.tdp.org.tw/content/application/itas/plan_apply/guest-cnt-browse.php?cnt_id=1076
outputs/1077.json,高雄醫學大學附設中和紀念醫院,高醫社區健康照顧網資訊系統計畫,http://www.kmu.edu.tw,"94年4月1日 至 94年10月31日","6,990 仟元","3,000 仟元","3,990 仟元",http://itas.tdp.org.tw/content/application/itas/plan_apply/guest-cnt-browse.php?cnt_id=1077
outputs/1078.json,鉅仁科技股份有限公司,福氣計畫－數位化遠距整合性呼吸照護(IDS)服務,,"96年11月1日 至 98年10月31日","37,150 仟元","13,000 仟元","24,150 仟元",http://itas.tdp.org.tw/content/application/itas/plan_apply/guest-cnt-browse.php?cnt_id=1078
outputs/1083.json,育冠企業股份有限公司,生活工場InterLiving國際協同作業計畫,,"93年4月1日 至 94年12月31日","50,757 仟元","15,000 仟元","35,757 仟元",http://itas.tdp.org.tw/content/application/itas/plan_apply/guest-cnt-browse.php?cnt_id=1083
outputs/1095.json,巨研科技股份有限公司,整合性綠色供應鏈協同管理資訊系統建置,http://www.getech.com.tw,"97年3月1日 至 99年2月28日","18,080 仟元","6,700 仟元","11,380 仟元",http://itas.tdp.org.tw/content/application/itas/plan_apply/guest-cnt-browse.php?cnt_id=1095
outputs/1155.json,行政院衛生署屏東醫院,屏東地區銀髮照護創新服務計畫,,"97年4月1日 至 97年9月30日","3,400 仟元","1,200 仟元","2,200 仟元",http://itas.tdp.org.tw/content/application/itas/plan_apply/guest-cnt-browse.php?cnt_id=1155
outputs/1157.json,天氣風險管理開發股份有限公司,"Weather2.0 - 我的氣象台",http://www.tenki.tw,"97年4月1日 至 97年9月30日","4,000 仟元","1,800 仟元","2,200 仟元",http://itas.tdp.org.tw/content/application/itas/plan_apply/guest-cnt-browse.php?cnt_id=1157
outputs/1161.json,聖洋科技股份有限公司,"funP.com 社群網路應用服務平台先期建置營運計畫",http://funp.com/,"97年4月1日 至 97年9月30日","4,900 仟元","2,200 仟元","2,700 仟元",http://itas.tdp.org.tw/content/application/itas/plan_apply/guest-cnt-browse.php?cnt_id=1161
outputs/1163.json,渥奇數位資訊有限公司,地理定位(geo-tagging)影像與社群網站平台整合計劃,http://www.atlaspost.com,"97年4月1日 至 97年9月30日","5,650 仟元","2,550 仟元","3,100 仟元",http://itas.tdp.org.tw/content/application/itas/plan_apply/guest-cnt-browse.php?cnt_id=1163
outputs/1165.json,逸奇科技股份有限公司,玩美主義影音社群網站及其交叉行銷系統,http://www.ancad.com/,"97年4月1日 至 97年9月30日","3,100 仟元","1,400 仟元","1,700 仟元",http://itas.tdp.org.tw/content/application/itas/plan_apply/guest-cnt-browse.php?cnt_id=1165
outputs/1167.json,超能量資訊股份有限公司,台日觀光情報案內人分享社群平台研發計劃,"http://www.jp21.com.tw,www.hi-power.com.tw,www.mobitaiwan.net","97年4月1日 至 97年9月30日","3,100 仟元","1,400 仟元","1,700 仟元",http://itas.tdp.org.tw/content/application/itas/plan_apply/guest-cnt-browse.php?cnt_id=1167
outputs/1169.json,網路家庭國際資訊股份有限公司,PChome商店街微型商務計畫,http://www.pchome.com.tw/,"97年4月1日 至 97年9月30日","7,800 仟元","3,500 仟元","4,300 仟元",http://itas.tdp.org.tw/content/application/itas/plan_apply/guest-cnt-browse.php?cnt_id=1169
outputs/1172.json,台中榮民總醫院,慢性病居家安心主動照護服務開發建置計畫,,"97年1月1日 至 98年12月31日","34,000 仟元","10,200 仟元","23,800 仟元",http://itas.tdp.org.tw/content/application/itas/plan_apply/guest-cnt-browse.php?cnt_id=1172
outputs/1174.json,哈佛健康事業股份有限公司,體適能整合管理模式導入健康照護之運用,http://www.hvc.com.tw,"97年4月1日 至 97年9月30日","4,000 仟元","1,500 仟元","2,500 仟元",http://itas.tdp.org.tw/content/application/itas/plan_apply/guest-cnt-browse.php?cnt_id=1174
outputs/1176.json,美德向邦股份有限公司,居家照護衛教指引與耗材撥補服務平台計畫,http://www.medtecs.com.tw/,"97年3月1日 至 97年8月31日","3,000 仟元","1,350 仟元","1,650 仟元",http://itas.tdp.org.tw/content/application/itas/plan_apply/guest-cnt-browse.php?cnt_id=1176
outputs/1178.json,台北市萬芳醫院－委託財團法人私立台北醫學大學辦理,銀髮族復健輔助互動遊戲規劃先期計畫,http://www.wanfang.gov.tw/,"97年3月1日 至 97年7月31日","4,950 仟元","2,000 仟元","2,950 仟元",http://itas.tdp.org.tw/content/application/itas/plan_apply/guest-cnt-browse.php?cnt_id=1178
outputs/1180.json,哈瑪星科技股份有限公司,失智族群記憶重建管理暨照護營運體系先期規劃,http://www.hamastar.com.tw/,"97年3月1日 至 97年8月31日","2,900 仟元","1,200 仟元","1,700 仟元",http://itas.tdp.org.tw/content/application/itas/plan_apply/guest-cnt-browse.php?cnt_id=1180
outputs/1182.json,網遠科技股份有限公司,健康服務中心規劃案,http://www.farnet.com.tw,"97年3月1日 至 97年8月31日","4,500 仟元","1,200 仟元","3,300 仟元",http://itas.tdp.org.tw/content/application/itas/plan_apply/guest-cnt-browse.php?cnt_id=1182
outputs/1184.json,財團法人天主教聖馬爾定醫院,整合慢性病健康管理服務先期規劃,http:/www.stm.org.tw/,"97年3月1日 至 97年8月31日","2,250 仟元","1,000 仟元","1,250 仟元",http://itas.tdp.org.tw/content/application/itas/plan_apply/guest-cnt-browse.php?cnt_id=1184
outputs/1186.json,財團法人嘉義基督教醫院,慢性病患遠距居家飲食控制計畫,http://www.cych.org.tw/cych/,"97年3月1日 至 97年8月31日","3,000 仟元","1,200 仟元","1,800 仟元",http://itas.tdp.org.tw/content/application/itas/plan_apply/guest-cnt-browse.php?cnt_id=1186
outputs/1188.json,財團法人愚人之友社會福利慈善事業基金會,娛人日間照顧服務營運模式規劃,http://www.qif.org.tw/,"97年4月1日 至 97年9月30日","3,000 仟元","1,200 仟元","1,800 仟元",http://itas.tdp.org.tw/content/application/itas/plan_apply/guest-cnt-browse.php?cnt_id=1188
outputs/1190.json,中國醫藥大學附設醫院,腦中風個案健康管理創新服務計畫,http://www.cmuh.org.tw,"97年1月1日 至 98年12月31日","34,000 仟元","12,240 仟元","21,760 仟元",http://itas.tdp.org.tw/content/application/itas/plan_apply/guest-cnt-browse.php?cnt_id=1190
outputs/1204.json,竹山秀傳醫院,社區銀髮族數位健康照護服務與營運先期規劃,,"97年4月1日 至 97年9月30日","2,200 仟元","1,000 仟元","1,200 仟元",http://itas.tdp.org.tw/content/application/itas/plan_apply/guest-cnt-browse.php?cnt_id=1204
outputs/1217.json,中華聯網寬頻股份有限公司,呼吸器依賴患者遠距居家照護計畫,,"97年4月1日 至 98年9月30日","34,000 仟元","10,200 仟元","23,800 仟元",http://itas.tdp.org.tw/content/application/itas/plan_apply/guest-cnt-browse.php?cnt_id=1217
outputs/1306.json,財團法人振興復健醫學中心,慢性疾病整合式照護暨營運模式建置計畫,,"97年1月1日 至 98年12月31日","37,500 仟元","15,000 仟元","22,500 仟元",http://itas.tdp.org.tw/content/application/itas/plan_apply/guest-cnt-browse.php?cnt_id=1306
outputs/1308.json,財團法人彰化基督教醫院,整合性糖尿病照護中心計畫,,"97年1月1日 至 98年12月31日","28,000 仟元","12,600 仟元","15,400 仟元",http://itas.tdp.org.tw/content/application/itas/plan_apply/guest-cnt-browse.php?cnt_id=1308
outputs/1350.json,艾微科技有限公司,跨平台網際內容分析與推薦服務系統,,"97年4月1日 至 97年9月30日","3,100 仟元","1,700 仟元","1,400 仟元",http://itas.tdp.org.tw/content/application/itas/plan_apply/guest-cnt-browse.php?cnt_id=1350
outputs/1415.json,尚凡資訊有限公司,新世代虛擬寵物社群網絡服務,http://www.i-part.com.tw/,"97年4月1日 至 97年9月30日","6,200 仟元","2,800 仟元","3,400 仟元",http://itas.tdp.org.tw/content/application/itas/plan_apply/guest-cnt-browse.php?cnt_id=1415
outputs/1419.json,宏碁股份有限公司,ITIL共用平台發展計畫,http://www.acer.com.tw,"97年4月1日 至 99年3月31日","40,000 仟元","12,000 仟元","28,000 仟元",http://itas.tdp.org.tw/content/application/itas/plan_apply/guest-cnt-browse.php?cnt_id=1419
outputs/1422.json,財團法人屏東基督教醫院,屏東地區民眾慢性病個案管理與營運體系先期規劃計畫,http://www.ptch.org.tw/,"97年6月1日 至 97年11月30日","2,800 仟元","1,200 仟元","1,600 仟元",http://itas.tdp.org.tw/content/application/itas/plan_apply/guest-cnt-browse.php?cnt_id=1422
outputs/1463.json,智樂國際資訊有限公司,Web2.0設計創業平台計畫,http://none,"97年7月1日 至 97年12月31日","3,100 仟元","1,400 仟元","1,700 仟元",http://itas.tdp.org.tw/content/application/itas/plan_apply/guest-cnt-browse.php?cnt_id=1463
outputs/1466.json,迪希數位科技股份有限公司,"台灣向前行To Taiwan在地影像紀錄分享平台",http://www.dcview.com.tw,"97年7月1日 至 97年12月31日","4,000 仟元","1,800 仟元","2,200 仟元",http://itas.tdp.org.tw/content/application/itas/plan_apply/guest-cnt-browse.php?cnt_id=1466
outputs/1471.json,米亞網路科技股份有限公司,台灣新創web2.0服務整合應用平台,http://www.meeya.cc,"97年7月1日 至 97年12月31日","1,400 仟元","650 仟元","750 仟元",http://itas.tdp.org.tw/content/application/itas/plan_apply/guest-cnt-browse.php?cnt_id=1471
outputs/1473.json,力可科技股份有限公司,多人連線型Flash遊戲開發平台,http://www.liquable.com,"97年7月1日 至 97年12月31日","4,000 仟元","1,800 仟元","2,200 仟元",http://itas.tdp.org.tw/content/application/itas/plan_apply/guest-cnt-browse.php?cnt_id=1473
outputs/1482.json,阿瘦實業股份有限公司,鞋品e學專家服務系統開發建置計畫,http://www.aso.com.tw,"97年6月1日 至 99年5月31日","39,000 仟元","13,700 仟元","25,300 仟元",http://itas.tdp.org.tw/content/application/itas/plan_apply/guest-cnt-browse.php?cnt_id=1482
outputs/1490.json,地平線文化事業股份有限公司,"VR the World 實境網(GPS手機實境導覽互動社群平台)",http://www.highlevel.com.tw,"97年7月1日 至 97年12月31日","4,450 仟元","2,000 仟元","2,450 仟元",http://itas.tdp.org.tw/content/application/itas/plan_apply/guest-cnt-browse.php?cnt_id=1490
outputs/1502.json,太睿國際開發股份有限公司,太睿無線分眾廣告推播平台建置計畫,http://www.wemetmedia.net.tw,"97年5月1日 至 99年4月30日","21,000 仟元","7,080 仟元","13,920 仟元",http://itas.tdp.org.tw/content/application/itas/plan_apply/guest-cnt-browse.php?cnt_id=1502
outputs/1514.json,遠流出版事業股份有限公司,多媒體數位出版流通平台推動計畫,http://www.ylib.com/,"97年7月1日 至 99年6月30日","40,000 仟元","15,700 仟元","24,300 仟元",http://itas.tdp.org.tw/content/application/itas/plan_apply/guest-cnt-browse.php?cnt_id=1514
outputs/1567.json,華碩電腦,逆物流回收再利用綠色行銷永續經營開發計畫,http://tw.asus.com/,"97年7月1日 至 98年12月31日","51,000 仟元","16,600 仟元","34,400 仟元",http://itas.tdp.org.tw/content/application/itas/plan_apply/guest-cnt-browse.php?cnt_id=1567
outputs/1744.json,旺旺友聯產物保險公司,RoHS保險計畫案,http://www.unionins.com.tw,"97年9月1日 至 99年8月31日","42,500 仟元","16,200 仟元","26,300 仟元",http://itas.tdp.org.tw/content/application/itas/plan_apply/guest-cnt-browse.php?cnt_id=1744
outputs/1763.json,紅陽科技股份有限公司,e-Escrow線上安全交易系統應用計畫,http://www.esafe.com.tw,"97年9月1日 至 99年4月30日","20,130 仟元","7,000 仟元","13,130 仟元",http://itas.tdp.org.tw/content/application/itas/plan_apply/guest-cnt-browse.php?cnt_id=1763
outputs/1765.json,奇門網路有限公司,"一個創新的反向式社群網站 Globme",http://www.recordcup.com,"97年10月1日 至 98年3月31日","3,100 仟元","1,400 仟元","1,700 仟元",http://itas.tdp.org.tw/content/application/itas/plan_apply/guest-cnt-browse.php?cnt_id=1765
outputs/1767.json,大可意念傳達有限公司,工業設計資源整合及知識創價平台,http://www.duckimage.com.tw,"97年4月1日 至 97年9月30日","6,200 仟元","2,800 仟元","3,400 仟元",http://itas.tdp.org.tw/content/application/itas/plan_apply/guest-cnt-browse.php?cnt_id=1767
outputs/1769.json,海灣國際股份有限公司,海灣國際／科技化文件託管服務系統建置計畫,http://www.crownvan.com.tw,"97年9月1日 至 99年2月28日","31,300 仟元","11,810 仟元","19,490 仟元",http://itas.tdp.org.tw/content/application/itas/plan_apply/guest-cnt-browse.php?cnt_id=1769
outputs/1773.json,樂多有限公司,社交關聯性廣告平台,http://www.roodo.com,"97年10月1日 至 98年3月31日","3,100 仟元","1,400 仟元","1,700 仟元",http://itas.tdp.org.tw/content/application/itas/plan_apply/guest-cnt-browse.php?cnt_id=1773
outputs/1775.json,網彼資訊股份有限公司,Webi-自主性社群機制,http://webi.cc,"97年10月1日 至 98年3月31日","3,100 仟元","1,400 仟元","1,700 仟元",http://itas.tdp.org.tw/content/application/itas/plan_apply/guest-cnt-browse.php?cnt_id=1775
outputs/1777.json,樂果資訊股份有限公司,*memode即時知識分享社群平台,http://www.memode.com,"97年10月1日 至 98年3月31日","2,220 仟元","1,000 仟元","1,220 仟元",http://itas.tdp.org.tw/content/application/itas/plan_apply/guest-cnt-browse.php?cnt_id=1777
outputs/1782.json,三星科技股份有限公司,全球高值化扣件檢測服務計畫,http://www.sanshing.com.tw,"97年10月1日 至 99年9月30日","40,000 仟元","16,000 仟元","24,000 仟元",http://itas.tdp.org.tw/content/application/itas/plan_apply/guest-cnt-browse.php?cnt_id=1782
outputs/1785.json,旭寬企業股份有限公司,國際針織品價值行銷服務創新計畫,http://www.newwide.com,"97年10月1日 至 99年9月30日","37,500 仟元","13,500 仟元","24,000 仟元",http://itas.tdp.org.tw/content/application/itas/plan_apply/guest-cnt-browse.php?cnt_id=1785
outputs/1792.json,和碩聯合科技股份有限公司,資訊產品綠色供應鏈整合應用開發計畫,http://www.pegatroncorp.com,"97年10月1日 至 99年9月30日","49,700 仟元","15,000 仟元","34,700 仟元",http://itas.tdp.org.tw/content/application/itas/plan_apply/guest-cnt-browse.php?cnt_id=1792
outputs/1801.json,威達電股份有限公司,全球產業電腦研製服務,http://www.icpems.com.tw,"98年1月1日 至 99年12月31日","30,000 仟元","10,500 仟元","19,500 仟元",http://itas.tdp.org.tw/content/application/itas/plan_apply/guest-cnt-browse.php?cnt_id=1801
outputs/1824.json,創益科技顧問股份有限公司,智慧建築外層整合型解決方案計畫,http://www.innovatech.com.tw,"98年1月1日 至 99年12月31日","32,895 仟元","12,500 仟元","20,395 仟元",http://itas.tdp.org.tw/content/application/itas/plan_apply/guest-cnt-browse.php?cnt_id=1824
outputs/1835.json,進階生物科技股份有限公司,藥物毒理及安全藥理試驗服務平台建置計畫,http://www.level.com.tw,"97年8月1日 至 99年7月31日","31,820 仟元","10,500 仟元","21,320 仟元",http://itas.tdp.org.tw/content/application/itas/plan_apply/guest-cnt-browse.php?cnt_id=1835
outputs/2042.json,潤泰全球股份有限公司,潤泰全球創新服務,http://www.ruentex.com.tw,"98年5月1日 至 100年4月30日","51,500 仟元","16,800 仟元","34,700 仟元",http://itas.tdp.org.tw/content/application/itas/plan_apply/guest-cnt-browse.php?cnt_id=2042
outputs/2049.json,力鵬企業股份有限公司,LIBOLON環保品牌全球行銷與服務計畫,http://www.lealeagroup.com.tw,"98年1月1日 至 99年12月31日","50,000 仟元","21,000 仟元","29,000 仟元",http://itas.tdp.org.tw/content/application/itas/plan_apply/guest-cnt-browse.php?cnt_id=2049
outputs/2077.json,宜特科技股份有限公司,產業碳資產平台暨工具開發計劃,http://www.isti.com.tw,"98年7月1日 至 100年6月30日","35,000 仟元","14,400 仟元","20,600 仟元",http://itas.tdp.org.tw/content/application/itas/plan_apply/guest-cnt-browse.php?cnt_id=2077
outputs/2087.json,台中精機廠股份有限公司,工具機遠端維運服務平台計畫,http://www.or.com.tw,"98年7月1日 至 100年6月30日","43,000 仟元","18,000 仟元","25,000 仟元",http://itas.tdp.org.tw/content/application/itas/plan_apply/guest-cnt-browse.php?cnt_id=2087
outputs/2101.json,財團法人義大醫院,B2B企業樂活健康管理服務與營運體系之開發建置計畫,http://www.edah.org.tw/,"98年1月1日 至 99年12月31日","34,000 仟元","14,688 仟元","19,312 仟元",http://itas.tdp.org.tw/content/application/itas/plan_apply/guest-cnt-browse.php?cnt_id=2101
outputs/2200.json,美吾華股份有限公司,博登藥局全國慢性病會員慢箋照護『e-pharmacy』創新服務計畫,http://www.maywufa.com.tw,"98年6月1日 至 100年5月31日","36,000 仟元","15,120 仟元","20,880 仟元",http://itas.tdp.org.tw/content/application/itas/plan_apply/guest-cnt-browse.php?cnt_id=2200
outputs/2203.json,悠遊卡股份有限公司,NFC應用服務與平台共享計畫,http://www.easycard.com.tw/index.php,"98年4月1日 至 99年12月31日","45,800 仟元","16,560 仟元","29,240 仟元",http://itas.tdp.org.tw/content/application/itas/plan_apply/guest-cnt-browse.php?cnt_id=2203
outputs/2208.json,聚陽實業股份有限公司,聚陽全流程服務價值鏈深化計畫,http://www.makalot.com.tw,"98年4月1日 至 100年3月31日","50,000 仟元","15,600 仟元","34,400 仟元",http://itas.tdp.org.tw/content/application/itas/plan_apply/guest-cnt-browse.php?cnt_id=2208
outputs/2220.json,鬍鬚張股份有限公司,"中式速食之冷藏鏈(Cool Chain)系統規劃計畫",http://www.fmsc.com.tw/,"98年4月1日 至 98年11月30日","3,300 仟元","1,200 仟元","2,100 仟元",http://itas.tdp.org.tw/content/application/itas/plan_apply/guest-cnt-browse.php?cnt_id=2220
outputs/2222.json,華城電機股份有限公司,變壓器先進服務計畫,http://www.fortune.com.tw,"98年6月1日 至 100年5月31日","34,000 仟元","13,800 仟元","20,200 仟元",http://itas.tdp.org.tw/content/application/itas/plan_apply/guest-cnt-browse.php?cnt_id=2222
outputs/2309.json,敬鵬工業股份有限公司,印刷電路板DDU運籌服務加值平台計畫,http://www.cppcb.com.tw,"98年10月1日 至 100年9月30日","37,000 仟元","16,200 仟元","20,800 仟元",http://itas.tdp.org.tw/content/application/itas/plan_apply/guest-cnt-browse.php?cnt_id=2309
outputs/2322.json,達運光電股份有限公司,達運光電製造服務運籌計畫,http://HTTP://WWW.TWOWAY.COM.TW,"98年10月1日 至 100年9月30日","37,500 仟元","15,720 仟元","21,780 仟元",http://itas.tdp.org.tw/content/application/itas/plan_apply/guest-cnt-browse.php?cnt_id=2322
outputs/2324.json,奇威行有限公司,"奇威 KeyLink 代理商通路服務計畫",http://www.keywear.com.tw/,"98年9月1日 至 100年8月31日","35,500 仟元","12,000 仟元","23,500 仟元",http://itas.tdp.org.tw/content/application/itas/plan_apply/guest-cnt-browse.php?cnt_id=2324
outputs/2326.json,凌群電腦股份有限公司,智慧型電力監測與節電策略調控服務平台,http://www.syscom.com.tw,"98年10月1日 至 100年9月30日","286,120 仟元","19,320 仟元","266,800 仟元",http://itas.tdp.org.tw/content/application/itas/plan_apply/guest-cnt-browse.php?cnt_id=2326
outputs/2328.json,財團法人天主教聖馬爾定醫院,TLC整合型長期照護健康管理服務系統建置計畫,http://www.stm.org.tw/,"98年11月1日 至 100年4月30日","23,045 仟元","9,120 仟元","13,925 仟元",http://itas.tdp.org.tw/content/application/itas/plan_apply/guest-cnt-browse.php?cnt_id=2328
outputs/2330.json,竹山秀傳醫院,社區銀髮族數位健康照護服務與營運建置案,http://www.csshow.org.tw,"98年10月1日 至 100年9月30日","28,670 仟元","12,000 仟元","16,670 仟元",http://itas.tdp.org.tw/content/application/itas/plan_apply/guest-cnt-browse.php?cnt_id=2330
outputs/2332.json,網勁科技股份有限公司,社交購物與聯盟行銷平台,http://www.obuy.com.tw,"97年1月1日 至 98年3月31日","9,300 仟元","4,200 仟元","5,100 仟元",http://itas.tdp.org.tw/content/application/itas/plan_apply/guest-cnt-browse.php?cnt_id=2332
outputs/2334.json,怡利電子工業股份有限公司,E-LEAD車用電子領航計畫,http://www.e-lead.com.tw,"97年7月1日 至 99年6月30日","33,700 仟元","12,000 仟元","21,700 仟元",http://itas.tdp.org.tw/content/application/itas/plan_apply/guest-cnt-browse.php?cnt_id=2334
outputs/2338.json,長庚醫療財團法人桃園長庚紀念醫院,"【智慧健康生活互動頻道 】”Health on Living Demand”-HOLD Channel",http://www.cgmh.org.tw/,"98年11月1日 至 100年10月31日","34,660 仟元","13,932 仟元","20,728 仟元",http://itas.tdp.org.tw/content/application/itas/plan_apply/guest-cnt-browse.php?cnt_id=2338
outputs/2340.json,盛弘醫藥股份有限公司,出院病患之智能化創新照護服務建置計畫,http://www.share-hope.com/about.html,"98年7月1日 至 100年6月30日","32,000 仟元","11,520 仟元","20,480 仟元",http://itas.tdp.org.tw/content/application/itas/plan_apply/guest-cnt-browse.php?cnt_id=2340
outputs/2363.json,泰豐輪胎股份有限公司,輪胎產業技術服務體系建置計畫,http://www.federaltire.com,"99年4月1日 至 101年3月31日","43,000 仟元","15,950 仟元","27,050 仟元",http://itas.tdp.org.tw/content/application/itas/plan_apply/guest-cnt-browse.php?cnt_id=2363
outputs/2370.json,天瀚科技股份有限公司,"story-book incolor服務平台及裝置計畫",http://www.aiptek.com.tw,"99年4月1日 至 101年3月31日","49,000 仟元","21,560 仟元","27,440 仟元",http://itas.tdp.org.tw/content/application/itas/plan_apply/guest-cnt-browse.php?cnt_id=2370
outputs/2374.json,台灣大車隊股份有限公司,計程車智慧便捷創新服務計畫,http://www.taiwantaxi.com.tw/taiwantaxi/,"99年6月1日 至 101年5月31日","49,500 仟元","11,550 仟元","37,950 仟元",http://itas.tdp.org.tw/content/application/itas/plan_apply/guest-cnt-browse.php?cnt_id=2374
outputs/2385.json,中興電工機械股份有限公司,空調主機之客戶售後節電與保修服務平台研發計畫,http://www.chem.com.tw,"99年7月1日 至 101年6月30日","41,500 仟元","15,400 仟元","26,100 仟元",http://itas.tdp.org.tw/content/application/itas/plan_apply/guest-cnt-browse.php?cnt_id=2385
outputs/2496.json,光寶科技股份有限公司,結合CSR資訊系統提昇競爭力,http://www.liteon.com,"99年10月1日 至 101年9月30日","45,500 仟元","10,500 仟元","35,000 仟元",http://itas.tdp.org.tw/content/application/itas/plan_apply/guest-cnt-browse.php?cnt_id=2496
outputs/2498.json,鬍鬚張股份有限公司,"中式速食之冷藏鏈(Cool Chain)系統建置計畫",http://www.fmsc.com.tw,"99年7月1日 至 101年6月30日","34,500 仟元","11,000 仟元","23,500 仟元",http://itas.tdp.org.tw/content/application/itas/plan_apply/guest-cnt-browse.php?cnt_id=2498
outputs/2500.json,晉泰科技股份有限公司,裝置創新應用與平台服務先期研究計畫,http://www.genesis.com.tw,"99年4月1日 至 99年9月30日","8,800 仟元","2,530 仟元","6,270 仟元",http://itas.tdp.org.tw/content/application/itas/plan_apply/guest-cnt-browse.php?cnt_id=2500
outputs/2506.json,中華電信股份有限公司,"飛揚桃園-智慧居家生活Easy Go！",http://www.cht.com.tw,"99年10月1日 至 100年3月31日","19,610 仟元","4,000 仟元","15,610 仟元",http://itas.tdp.org.tw/content/application/itas/plan_apply/guest-cnt-browse.php?cnt_id=2506
outputs/2508.json,資拓科技股份有限公司,內湖科技園區創新服務示範計畫,http://www.infoexplorer.com.tw,"99年10月1日 至 100年3月31日","12,500 仟元","4,000 仟元","8,500 仟元",http://itas.tdp.org.tw/content/application/itas/plan_apply/guest-cnt-browse.php?cnt_id=2508
outputs/2529.json,信統電機股份有限公司,智慧組件統包與設計服務計畫,http://www.solen.com.tw,"100年1月1日 至 101年12月31日","38,000 仟元","12,500 仟元","25,500 仟元",http://itas.tdp.org.tw/content/application/itas/plan_apply/guest-cnt-browse.php?cnt_id=2529
outputs/2556.json,年興紡織股份有限公司,流行牛仔服飾創新製造服務計畫,http://www.nhjeans.com,"100年4月1日 至 102年3月31日","56,000 仟元","18,500 仟元","37,500 仟元",http://itas.tdp.org.tw/content/application/itas/plan_apply/guest-cnt-browse.php?cnt_id=2556
outputs/2560.json,盟鑫工業股份有限公司,防災綠色工程之整合應用服務計畫,http://www.gold-joint.com,"100年8月1日 至 102年7月31日","50,000 仟元","20,000 仟元","30,000 仟元",http://itas.tdp.org.tw/content/application/itas/plan_apply/guest-cnt-browse.php?cnt_id=2560
outputs/2562.json,良福保全股份有限公司,打造新竹湳雅智慧安全城-U-Bobi網路保全系統,http://www.網路保全.tw,"100年8月1日 至 101年1月31日","12,500 仟元","4,000 仟元","8,500 仟元",http://itas.tdp.org.tw/content/application/itas/plan_apply/guest-cnt-browse.php?cnt_id=2562
outputs/2573.json,秀傳醫療社團法人秀傳紀念醫院,"彰濱智慧健康悠活園區(i-Health Park)計畫",http://www.show.org.tw/,"99年11月1日 至 100年4月30日","9,950 仟元","3,000 仟元","6,950 仟元",http://itas.tdp.org.tw/content/application/itas/plan_apply/guest-cnt-browse.php?cnt_id=2573
outputs/2579.json,秀傳醫療社團法人秀傳紀念醫院,秀傳醫療體系區域居家健康管理服務模式計畫,http://www.scmh.org.tw/,"100年1月1日 至 101年6月30日","22,500 仟元","7,000 仟元","15,500 仟元",http://itas.tdp.org.tw/content/application/itas/plan_apply/guest-cnt-browse.php?cnt_id=2579
outputs/2581.json,壢新醫院,寶貝銀髮創新整合服務平台計畫,http://www.landseedhospital.com.tw,"100年1月1日 至 101年6月30日","21,000 仟元","7,000 仟元","14,000 仟元",http://itas.tdp.org.tw/content/application/itas/plan_apply/guest-cnt-browse.php?cnt_id=2581
outputs/2583.json,財團法人台灣基督長老教會雙連教會附設台北縣私立雙連安養中心,老人福利服務照顧產業－社區式多層級連續性的安養服務事業營運模式計畫,http://www.sleh.org.tw/,"100年1月1日 至 101年6月30日","32,000 仟元","12,500 仟元","19,500 仟元",http://itas.tdp.org.tw/content/application/itas/plan_apply/guest-cnt-browse.php?cnt_id=2583
outputs/2585.json,行政院國軍退除役官兵輔導委員會臺中榮民總醫院,無縫接軌式社區居家日照服務計畫,http://www.vghtc.gov.tw/,"100年1月1日 至 101年7月31日","30,000 仟元","11,500 仟元","18,500 仟元",http://itas.tdp.org.tw/content/application/itas/plan_apply/guest-cnt-browse.php?cnt_id=2585
outputs/2692.json,成霖企業股份有限公司,線上衛浴零售經營代理人創新服務計畫,http://www.globeunion.com,"100年7月1日 至 102年6月30日","51,000 仟元","18,500 仟元","32,500 仟元",http://itas.tdp.org.tw/content/application/itas/plan_apply/guest-cnt-browse.php?cnt_id=2692
outputs/2694.json,台北港貨櫃碼頭股份有限公司,台北港無線感知高效率貨櫃作業智慧園區示範應用計畫,http://www.tpct.com.tw/,"97年8月1日 至 99年2月28日","78,125 仟元","25,000 仟元","53,125 仟元",http://itas.tdp.org.tw/content/application/itas/plan_apply/guest-cnt-browse.php?cnt_id=2694
outputs/2701.json,資拓宏宇國際股份有限公司,健康心生活計畫,http://www.iisigroup.com/,"100年5月1日 至 100年10月31日","9,000 仟元","3,000 仟元","6,000 仟元",http://itas.tdp.org.tw/content/application/itas/plan_apply/guest-cnt-browse.php?cnt_id=2701
outputs/2723.json,佰龍機械廠股份有限公司,佰龍機械電腦橫編機裝置服務計畫,http://www.pailung.com.tw,"101年1月1日 至 102年12月31日","44,000 仟元","17,600 仟元","26,400 仟元",http://itas.tdp.org.tw/content/application/itas/plan_apply/guest-cnt-browse.php?cnt_id=2723
outputs/2727.json,遠東新世紀股份有限公司,遠東一條龍革新全資訊領航服務計畫,http://www.fenc.com/,"101年1月1日 至 102年12月31日","49,000 仟元","14,700 仟元","34,300 仟元",http://itas.tdp.org.tw/content/application/itas/plan_apply/guest-cnt-browse.php?cnt_id=2727
outputs/2792.json,資通電腦股份有限公司,財務金融雲端服務計畫,http://www.ares.com.tw/,"101年4月1日 至 101年9月30日","6,250 仟元","3,000 仟元","3,250 仟元",http://itas.tdp.org.tw/content/application/itas/plan_apply/guest-cnt-browse.php?cnt_id=2792
outputs/2794.json,神通資訊科技股份有限公司,個人化智慧學習教育雲創新計畫,http://www.mitac.com.tw/,"100年9月1日 至 101年5月31日","15,300 仟元","4,990 仟元","10,310 仟元",http://itas.tdp.org.tw/content/application/itas/plan_apply/guest-cnt-browse.php?cnt_id=2794
outputs/2796.json,神通資訊科技股份有限公司,杏雲計畫-雲端醫療門診資訊系統創新服務計畫,http://www.mitac.com.tw,"100年10月1日 至 101年5月31日","14,000 仟元","4,600 仟元","9,400 仟元",http://itas.tdp.org.tw/content/application/itas/plan_apply/guest-cnt-browse.php?cnt_id=2796
outputs/2798.json,精誠資訊股份有限公司,"ez 台中567(玩樂趣)",http://www.systex.com.tw,"100年7月1日 至 100年12月31日","11,900 仟元","3,570 仟元","8,330 仟元",http://itas.tdp.org.tw/content/application/itas/plan_apply/guest-cnt-browse.php?cnt_id=2798
outputs/2805.json,國眾電腦股份有限公司,教育雲整合服務研發計畫,http://www.leosys.com/,"100年12月1日 至 102年5月31日","70,000 仟元","27,000 仟元","43,000 仟元",http://itas.tdp.org.tw/content/application/itas/plan_apply/guest-cnt-browse.php?cnt_id=2805
outputs/2807.json,資通電腦股份有限公司,整合式網路媒體行銷調研服務平台,http://www.ares.com.tw,"101年1月1日 至 102年6月30日","30,000 仟元","10,000 仟元","20,000 仟元",http://itas.tdp.org.tw/content/application/itas/plan_apply/guest-cnt-browse.php?cnt_id=2807
outputs/2809.json,娜路彎大酒店股份有限公司,GO台東-永續的綠智慧觀光小鎮計畫,http://www.naruwan-hotel.com.tw/,"100年5月1日 至 100年10月31日","10,568 仟元","4,000 仟元","6,568 仟元",http://itas.tdp.org.tw/content/application/itas/plan_apply/guest-cnt-browse.php?cnt_id=2809
outputs/2819.json,翔生資訊股份有限公司,知識導引醫療雲端服務計畫,http://www.sit.com.tw/,"101年5月1日 至 101年10月31日","10,070 仟元","4,500 仟元","5,570 仟元",http://itas.tdp.org.tw/content/application/itas/plan_apply/guest-cnt-browse.php?cnt_id=2819
outputs/2821.json,竹山秀傳醫院,健康南投智慧小鎮,http://www.csshow.org.tw/,"101年1月1日 至 101年6月30日","8,800 仟元","3,400 仟元","5,400 仟元",http://itas.tdp.org.tw/content/application/itas/plan_apply/guest-cnt-browse.php?cnt_id=2821
outputs/2832.json,城邦文化事業股份有限公司,"內容服務業者以整合現有流程及結合裝置特性產生Smart Apps之新媒體服務創新",http://www.cite.com.tw/,"101年7月1日 至 102年12月31日","60,000 仟元","20,000 仟元","40,000 仟元",http://itas.tdp.org.tw/content/application/itas/plan_apply/guest-cnt-browse.php?cnt_id=2832
outputs/2843.json,新鎧科技股份有限公司,新鎧智慧裝置創新服務應用計畫,http://www.krctech.com.tw,"101年7月1日 至 101年12月31日","6,000 仟元","2,500 仟元","3,500 仟元",http://itas.tdp.org.tw/content/application/itas/plan_apply/guest-cnt-browse.php?cnt_id=2843
outputs/432.json,寶成工業股份有限公司,寶成工業多品牌協同式產品開發資訊系統,,"92年7月1日 至 94年6月30日","98,773 仟元","28,000 仟元","70,773 仟元",http://itas.tdp.org.tw/content/application/itas/plan_apply/guest-cnt-browse.php?cnt_id=432
outputs/433.json,建華商業銀行股份有限公司,投資管理帳戶系統-MMA個人智慧型理財系統,,"90年1月4日 至 91年12月31日","53,600 仟元","11,888 仟元","41,712 仟元",http://itas.tdp.org.tw/content/application/itas/plan_apply/guest-cnt-browse.php?cnt_id=433
outputs/434.json,公準精密工業股份公司,建構台灣超精密設備電子技術鍊與供應鍊計畫,,"90年7月1日 至 92年6月30日","37,500 仟元","11,888 仟元","25,612 仟元",http://itas.tdp.org.tw/content/application/itas/plan_apply/guest-cnt-browse.php?cnt_id=434
outputs/435.json,南緯實業股份有限公司,紡織產銷運籌資訊系統開發計畫,,"90年6月1日 至 92年5月31日","42,206 仟元","12,662 仟元","29,544 仟元",http://itas.tdp.org.tw/content/application/itas/plan_apply/guest-cnt-browse.php?cnt_id=435
outputs/436.json,永豐紙業股份有限公司,印刷業數位運籌服務之示範應用計畫,,"90年8月1日 至 91年12月31日","59,332 仟元","19,500 仟元","39,832 仟元",http://itas.tdp.org.tw/content/application/itas/plan_apply/guest-cnt-browse.php?cnt_id=436
outputs/437.json,麗緻國際股份有限公司,顧客動態管理系統,,"90年8月1日 至 91年7月31日","14,000 仟元","4,500 仟元","9,500 仟元",http://itas.tdp.org.tw/content/application/itas/plan_apply/guest-cnt-browse.php?cnt_id=437
outputs/438.json,研華股份有限公司,研華全球顧客關係管理系統,,"90年8月1日 至 92年7月31日","59,050 仟元","18,000 仟元","41,050 仟元",http://itas.tdp.org.tw/content/application/itas/plan_apply/guest-cnt-browse.php?cnt_id=438
outputs/439.json,佳和實業股份有限公司,佳和實業上下游體系e-Marketing計畫,,"90年10月1日 至 92年9月30日","32,073 仟元","9,096 仟元","22,977 仟元",http://itas.tdp.org.tw/content/application/itas/plan_apply/guest-cnt-browse.php?cnt_id=439
outputs/440.json,網業家科技行銷股份有限公司,紡織產業數位整合應用示範暨紡織庫存品數位行銷,,"90年10月1日 至 91年9月30日","10,828 仟元","3,248 仟元","7,580 仟元",http://itas.tdp.org.tw/content/application/itas/plan_apply/guest-cnt-browse.php?cnt_id=440
outputs/441.json,燦坤實業股份有限公司,互動通路會員關係管理與行銷資訊系統,,"91年1月1日 至 92年11月30日","52,395 仟元","11,880 仟元","40,515 仟元",http://itas.tdp.org.tw/content/application/itas/plan_apply/guest-cnt-browse.php?cnt_id=441
outputs/442.json,裕隆汽車製造股份有限公司,全方位行的服務CRM系統,,"90年10月1日 至 92年9月30日","58,000 仟元","15,046 仟元","42,954 仟元",http://itas.tdp.org.tw/content/application/itas/plan_apply/guest-cnt-browse.php?cnt_id=442
outputs/443.json,芳鄰公寓大廈管理維護股份有限公司,數位社區服務系統開發計畫,,"90年10月1日 至 92年1月31日","21,916 仟元","5,183 仟元","16,733 仟元",http://itas.tdp.org.tw/content/application/itas/plan_apply/guest-cnt-browse.php?cnt_id=443
outputs/444.json,世平興業股份有限公司,"Intelligent Inventory Pipeline",,"90年10月1日 至 93年3月31日","33,278 仟元","10,683 仟元","22,595 仟元",http://itas.tdp.org.tw/content/application/itas/plan_apply/guest-cnt-browse.php?cnt_id=444
outputs/445.json,佰龍機械廠股份有限公司,客製化設計接單系統(CDOS),,"91年7月1日 至 93年12月31日","36,108 仟元","11,066 仟元","25,042 仟元",http://itas.tdp.org.tw/content/application/itas/plan_apply/guest-cnt-browse.php?cnt_id=445
outputs/446.json,元富證券股份有限公司,企業智慧導向客戶關係管理系統（規劃案）,,"90年11月1日 至 91年1月31日","6,161 仟元","1,453 仟元","4,708 仟元",http://itas.tdp.org.tw/content/application/itas/plan_apply/guest-cnt-browse.php?cnt_id=446
outputs/447.json,大買家科技股份有限公司,(DiD)數位化整合設計應用平台,,"90年10月1日 至 92年9月30日","46,899 仟元","10,000 仟元","36,899 仟元",http://itas.tdp.org.tw/content/application/itas/plan_apply/guest-cnt-browse.php?cnt_id=447
outputs/448.json,友信國際股份有限公司,扣件業體系產銷儲運整合應用計畫,,"91年4月1日 至 93年2月29日","36,013 仟元","8,331 仟元","27,682 仟元",http://itas.tdp.org.tw/content/application/itas/plan_apply/guest-cnt-browse.php?cnt_id=448
outputs/449.json,力山工業股份有限公司,策略夥伴協同合作系統,,"91年7月1日 至 93年6月30日","42,110 仟元","11,000 仟元","31,110 仟元",http://itas.tdp.org.tw/content/application/itas/plan_apply/guest-cnt-browse.php?cnt_id=449
outputs/450.json,雄獅旅行社股份有限公司,旅遊產業協同運籌體系之電子化系統,,"91年7月1日 至 93年12月31日","38,890 仟元","9,815 仟元","29,075 仟元",http://itas.tdp.org.tw/content/application/itas/plan_apply/guest-cnt-browse.php?cnt_id=450
outputs/451.json,西基電腦動畫股份有限公司,3D數位內容合作開發系統,,"91年9月1日 至 93年2月29日","34,346 仟元","10,000 仟元","24,346 仟元",http://itas.tdp.org.tw/content/application/itas/plan_apply/guest-cnt-browse.php?cnt_id=451
outputs/452.json,明基電通股份有限公司,星動計畫,,"91年9月1日 至 93年8月31日","200,755 仟元","50,000 仟元","150,755 仟元",http://itas.tdp.org.tw/content/application/itas/plan_apply/guest-cnt-browse.php?cnt_id=452
outputs/453.json,宏遠興業股份有限公司,宏遠紡織協同設計示範性資訊應用系統開發計畫,,"91年9月1日 至 93年8月31日","56,722 仟元","16,000 仟元","40,722 仟元",http://itas.tdp.org.tw/content/application/itas/plan_apply/guest-cnt-browse.php?cnt_id=453
outputs/454.json,匯豐汽車股份有限公司,"匯豐汽車e-Mentor System－業代的良師益友",,"91年10月1日 至 93年9月30日","60,000 仟元","15,600 仟元","44,400 仟元",http://itas.tdp.org.tw/content/application/itas/plan_apply/guest-cnt-browse.php?cnt_id=454
outputs/455.json,台灣工業銀行股份有限公司,徵授信電子化系統,,"89年2月1日 至 90年7月31日","23,831 仟元","7,106 仟元","16,725 仟元",http://itas.tdp.org.tw/content/application/itas/plan_apply/guest-cnt-browse.php?cnt_id=455
outputs/456.json,興農股份有限公司,農業資訊服務整合系統計畫,,"89年2月1日 至 90年7月31日","15,680 仟元","4,085 仟元","11,595 仟元",http://itas.tdp.org.tw/content/application/itas/plan_apply/guest-cnt-browse.php?cnt_id=456
outputs/457.json,第三波資訊股份有限公司,資訊商用軟體自動答詢系統,,"90年6月1日 至 90年12月31日","5,624 仟元","1,757 仟元","3,867 仟元",http://itas.tdp.org.tw/content/application/itas/plan_apply/guest-cnt-browse.php?cnt_id=457
outputs/458.json,關貿網路股份有限公司,貿易作業電子化系統,,"88年4月1日 至 89年12月31日","61,062 仟元","16,000 仟元","45,062 仟元",http://itas.tdp.org.tw/content/application/itas/plan_apply/guest-cnt-browse.php?cnt_id=458
outputs/459.json,華邦電子股份有限公司,華邦企業整體資訊及決策系統計畫,,"88年3月31日 至 90年3月31日","121,298 仟元","30,000 仟元","91,298 仟元",http://itas.tdp.org.tw/content/application/itas/plan_apply/guest-cnt-browse.php?cnt_id=459
outputs/460.json,西基電腦動畫股份有限公司,DGA虛擬動畫影片開發計畫,,"88年4月1日 至 89年6月30日","60,198 仟元","12,000 仟元","48,198 仟元",http://itas.tdp.org.tw/content/application/itas/plan_apply/guest-cnt-browse.php?cnt_id=460
outputs/461.json,太極影音科技股份有限公司,電影專業影音科技資訊應用系統計畫,,"88年4月1日 至 89年12月31日","104,659 仟元","35,000 仟元","69,659 仟元",http://itas.tdp.org.tw/content/application/itas/plan_apply/guest-cnt-browse.php?cnt_id=461
outputs/462.json,中華汽車工業股份有限公司,生產序列排程最佳化計畫,,"88年5月1日 至 89年12月31日","58,950 仟元","20,175 仟元","38,775 仟元",http://itas.tdp.org.tw/content/application/itas/plan_apply/guest-cnt-browse.php?cnt_id=462
outputs/463.json,六和機械股份有限公司,新世代汽車零組件CSRP客戶同資源規劃系統,,"88年6月1日 至 90年5月31日","68,158 仟元","14,648 仟元","53,510 仟元",http://itas.tdp.org.tw/content/application/itas/plan_apply/guest-cnt-browse.php?cnt_id=463
outputs/464.json,正新橡膠工業股份有限公司,正新輪胎超媒體行銷系統計畫,,"88年5月1日 至 89年10月31日","27,500 仟元","8,000 仟元","19,500 仟元",http://itas.tdp.org.tw/content/application/itas/plan_apply/guest-cnt-browse.php?cnt_id=464
outputs/465.json,寶來證券綜合股份有限公司,加值資訊投資理財系統(FOD)計畫,,"88年5月1日 至 89年4月30日","54,328 仟元","17,836 仟元","36,492 仟元",http://itas.tdp.org.tw/content/application/itas/plan_apply/guest-cnt-browse.php?cnt_id=465
outputs/466.json,鼎新電腦股份有限公司,企業知識庫策略資訊系統計畫,,"88年5月1日 至 89年6月30日","34,798 仟元","8,000 仟元","26,798 仟元",http://itas.tdp.org.tw/content/application/itas/plan_apply/guest-cnt-browse.php?cnt_id=466
outputs/467.json,台灣新光保全股份有限公司,保全業無線數據傳輸資訊系統計畫,,"88年6月1日 至 89年8月31日","17,600 仟元","4,285 仟元","13,315 仟元",http://itas.tdp.org.tw/content/application/itas/plan_apply/guest-cnt-browse.php?cnt_id=467
outputs/468.json,凌群電腦股份有限公司,系統整合業企業資源管理系統計畫,,"88年8月1日 至 90年3月31日","32,000 仟元","6,000 仟元","26,000 仟元",http://itas.tdp.org.tw/content/application/itas/plan_apply/guest-cnt-browse.php?cnt_id=468
outputs/469.json,華僑商業銀行股份有限公司,數位化外匯作業中心計畫,,"88年8月1日 至 89年12月31日","53,000 仟元","9,542 仟元","43,458 仟元",http://itas.tdp.org.tw/content/application/itas/plan_apply/guest-cnt-browse.php?cnt_id=469
outputs/470.json,東元電機股份有限公司,市場導向電子商務前檯開發計畫,,"88年8月1日 至 89年12月31日","40,000 仟元","7,528 仟元","32,472 仟元",http://itas.tdp.org.tw/content/application/itas/plan_apply/guest-cnt-browse.php?cnt_id=470
outputs/471.json,中國電器股份有限公司,照明業電子商務整合系統計畫,,"88年8月1日 至 90年5月31日","40,000 仟元","6,680 仟元","33,320 仟元",http://itas.tdp.org.tw/content/application/itas/plan_apply/guest-cnt-browse.php?cnt_id=471
outputs/472.json,遠流出版事業股份有限公司,整合性數位出版管理平台計畫,,"88年10月1日 至 90年3月31日","40,515 仟元","7,000 仟元","33,515 仟元",http://itas.tdp.org.tw/content/application/itas/plan_apply/guest-cnt-browse.php?cnt_id=472
outputs/473.json,和信超媒體股份有限公司,21世紀國際性寬頻網路生活應用平台,,"88年10月1日 至 90年9月30日","86,400 仟元","14,734 仟元","71,666 仟元",http://itas.tdp.org.tw/content/application/itas/plan_apply/guest-cnt-browse.php?cnt_id=473
outputs/474.json,東森媒體科技股份有限公司,21世紀互動式雙向多媒體寬頻網路高速資訊系統,,"88年10月1日 至 89年12月31日","49,877 仟元","9,011 仟元","40,866 仟元",http://itas.tdp.org.tw/content/application/itas/plan_apply/guest-cnt-browse.php?cnt_id=474
outputs/475.json,匯豐汽車股份有限公司,"匯豐汽車eMentor System－業代的「良師益友」(規劃案)",,"91年1月1日 至 91年3月31日","6,613 仟元","1,500 仟元","5,113 仟元",http://itas.tdp.org.tw/content/application/itas/plan_apply/guest-cnt-browse.php?cnt_id=475
outputs/476.json,台灣國際商業機器股份有限公司,採購體系電子化專案,,"88年9月9日 至 90年3月31日","273,177 仟元","96,609 仟元","176,568 仟元",http://itas.tdp.org.tw/content/application/itas/plan_apply/guest-cnt-browse.php?cnt_id=476
outputs/477.json,康柏電腦股份有限公司,康柏電腦e商網,,"88年12月1日 至 90年9月30日","308,718 仟元","123,704 仟元","185,014 仟元",http://itas.tdp.org.tw/content/application/itas/plan_apply/guest-cnt-browse.php?cnt_id=477
outputs/478.json,惠普科技股份有限公司,"HP e-LINK",,"89年4月1日 至 90年12月31日","197,716 仟元","63,900 仟元","133,816 仟元",http://itas.tdp.org.tw/content/application/itas/plan_apply/guest-cnt-browse.php?cnt_id=478
outputs/479.json,微星科技股份有限公司,微星商務運籌網,,"89年4月1日 至 90年12月31日","73,052 仟元","28,600 仟元","44,452 仟元",http://itas.tdp.org.tw/content/application/itas/plan_apply/guest-cnt-browse.php?cnt_id=479
outputs/480.json,華宇電腦股份有限公司,華宇電腦供應鏈電子化計畫,,"89年4月1日 至 90年12月31日","81,576 仟元","32,000 仟元","49,576 仟元",http://itas.tdp.org.tw/content/application/itas/plan_apply/guest-cnt-browse.php?cnt_id=480
outputs/481.json,宏碁電腦股份有限公司,宏碁電腦電子商務應用系統導入建置計畫,,"89年1月1日 至 90年12月31日","173,515 仟元","41,000 仟元","132,515 仟元",http://itas.tdp.org.tw/content/application/itas/plan_apply/guest-cnt-browse.php?cnt_id=481
outputs/482.json,神達電腦股份有限公司,"神達BEST(Business Electronic Supply Chain Task)",,"89年1月1日 至 90年12月31日","67,756 仟元","25,900 仟元","41,856 仟元",http://itas.tdp.org.tw/content/application/itas/plan_apply/guest-cnt-browse.php?cnt_id=482
outputs/483.json,致伸實業股份有限公司,"e-Suppliers Link電子供應鏈解決方案",,"89年4月28日 至 90年12月31日","123,135 仟元","32,438 仟元","90,697 仟元",http://itas.tdp.org.tw/content/application/itas/plan_apply/guest-cnt-browse.php?cnt_id=483
outputs/484.json,英業達股份有限公司,英業達電子供應鏈體系建制,,"89年4月1日 至 90年12月31日","76,646 仟元","30,000 仟元","46,646 仟元",http://itas.tdp.org.tw/content/application/itas/plan_apply/guest-cnt-browse.php?cnt_id=484
outputs/485.json,大同股份有限公司,大同公司全球電子化供應鏈管理系統專案,,"89年4月1日 至 90年12月31日","149,702 仟元","47,000 仟元","102,702 仟元",http://itas.tdp.org.tw/content/application/itas/plan_apply/guest-cnt-browse.php?cnt_id=485
outputs/486.json,誠洲股份有限公司,全球整體供應鏈支援系統,,"89年4月1日 至 91年3月31日","102,000 仟元","29,200 仟元","72,800 仟元",http://itas.tdp.org.tw/content/application/itas/plan_apply/guest-cnt-browse.php?cnt_id=486
outputs/487.json,新寶科技股份有限公司,新寶科技Cheetah計畫,,"89年4月1日 至 90年12月31日","98,929 仟元","28,300 仟元","70,629 仟元",http://itas.tdp.org.tw/content/application/itas/plan_apply/guest-cnt-browse.php?cnt_id=487
outputs/488.json,仁寶電腦工業股份有限公司,仁寶電腦供應鏈電子化專案,,"89年5月1日 至 90年12月31日","65,783 仟元","25,800 仟元","39,983 仟元",http://itas.tdp.org.tw/content/application/itas/plan_apply/guest-cnt-browse.php?cnt_id=488
outputs/489.json,倫飛電腦實業股份有限公司,"HTML(Hyper Twinhead Material Link)",,"89年6月1日 至 90年12月31日","41,986 仟元","14,000 仟元","27,986 仟元",http://itas.tdp.org.tw/content/application/itas/plan_apply/guest-cnt-browse.php?cnt_id=489
outputs/490.json,大眾電腦股份有限公司,大眾公司供應鏈電子化計畫,,"89年1月1日 至 90年12月31日","73,442 仟元","22,100 仟元","51,342 仟元",http://itas.tdp.org.tw/content/application/itas/plan_apply/guest-cnt-browse.php?cnt_id=490
outputs/491.json,台達電子工業股份有限公司,主流供應商供應鏈電子化專案,,"89年6月1日 至 90年12月31日","57,386 仟元","22,500 仟元","34,886 仟元",http://itas.tdp.org.tw/content/application/itas/plan_apply/guest-cnt-browse.php?cnt_id=491
outputs/492.json,華碩電腦股份有限公司,AES華碩供應鏈電子化計畫,,"89年6月1日 至 90年12月31日","87,904 仟元","31,000 仟元","56,904 仟元",http://itas.tdp.org.tw/content/application/itas/plan_apply/guest-cnt-browse.php?cnt_id=492
outputs/493.json,華通電腦股份有限公司,虛擬工廠電子化供應鏈,,"89年4月1日 至 90年12月31日","74,376 仟元","24,400 仟元","49,976 仟元",http://itas.tdp.org.tw/content/application/itas/plan_apply/guest-cnt-browse.php?cnt_id=493
outputs/494.json,神達電腦股份有限公司,神達電腦協同研發,,"92年7月1日 至 94年6月30日","66,516 仟元","16,000 仟元","50,516 仟元",http://itas.tdp.org.tw/content/application/itas/plan_apply/guest-cnt-browse.php?cnt_id=494
outputs/495.json,神達電腦股份有限公司,神達電腦e-Logistics系統計畫,,"91年1月1日 至 92年12月31日","74,544 仟元","28,000 仟元","46,544 仟元",http://itas.tdp.org.tw/content/application/itas/plan_apply/guest-cnt-browse.php?cnt_id=495
outputs/496.json,華碩電腦股份有限公司,"ASUS E-Logistics System華碩全球運籌電子化計畫",,"90年12月1日 至 92年11月30日","94,275 仟元","40,000 仟元","54,275 仟元",http://itas.tdp.org.tw/content/application/itas/plan_apply/guest-cnt-browse.php?cnt_id=496
outputs/497.json,大同股份有限公司,大同公司全球電子化供應鏈C、D計畫,,"90年11月1日 至 92年9月30日","98,300 仟元","40,000 仟元","58,300 仟元",http://itas.tdp.org.tw/content/application/itas/plan_apply/guest-cnt-browse.php?cnt_id=497
outputs/498.json,中環股份有限公司,中環運籌管理電子化計畫,,"90年12月1日 至 92年9月30日","100,000 仟元","34,000 仟元","66,000 仟元",http://itas.tdp.org.tw/content/application/itas/plan_apply/guest-cnt-browse.php?cnt_id=498
outputs/499.json,矽品精密工業股份有限公司,半導體製造業B2B作業整合計畫(晶采計畫),,"90年12月1日 至 92年11月30日","50,208 仟元","13,000 仟元","37,208 仟元",http://itas.tdp.org.tw/content/application/itas/plan_apply/guest-cnt-browse.php?cnt_id=499
outputs/500.json,台灣積體電路製造股份有限公司,半導體製造產業B2B作業整合計畫(晶采計畫),,"90年12月1日 至 92年11月30日","43,348 仟元","18,000 仟元","25,348 仟元",http://itas.tdp.org.tw/content/application/itas/plan_apply/guest-cnt-browse.php?cnt_id=500
outputs/501.json,中國國際商業銀行股份有限公司,電子產業供應鏈體系金流開發計畫,,"91年1月1日 至 92年12月31日","75,376 仟元","27,000 仟元","48,376 仟元",http://itas.tdp.org.tw/content/application/itas/plan_apply/guest-cnt-browse.php?cnt_id=501
outputs/502.json,聯華電子股份有限公司,半導體製造產業B2B作業整合計畫(晶采計畫),,"91年1月1日 至 92年11月30日","44,409 仟元","17,000 仟元","27,409 仟元",http://itas.tdp.org.tw/content/application/itas/plan_apply/guest-cnt-browse.php?cnt_id=502
outputs/503.json,日月光半導體製造股份有限公司,半導體製造產業B2B作業整合計畫(晶采計畫),,"90年12月1日 至 92年5月31日","48,714 仟元","12,000 仟元","36,714 仟元",http://itas.tdp.org.tw/content/application/itas/plan_apply/guest-cnt-browse.php?cnt_id=503
outputs/504.json,英業達股份有限公司,金物流計畫,,"91年7月1日 至 92年12月31日","89,092 仟元","22,000 仟元","67,092 仟元",http://itas.tdp.org.tw/content/application/itas/plan_apply/guest-cnt-browse.php?cnt_id=504
outputs/505.json,國泰世華商業銀行,世華B2B商務運籌網,,"90年12月1日 至 92年11月30日","95,211 仟元","33,300 仟元","61,911 仟元",http://itas.tdp.org.tw/content/application/itas/plan_apply/guest-cnt-browse.php?cnt_id=505
outputs/506.json,富邦商業銀行股份有限公司,富邦產業運籌金流C計畫,,"91年1月1日 至 92年12月31日","99,257 仟元","31,000 仟元","68,257 仟元",http://itas.tdp.org.tw/content/application/itas/plan_apply/guest-cnt-browse.php?cnt_id=506
outputs/507.json,華南商業銀行股份有限公司,華南全球運籌金流計畫,,"91年4月1日 至 92年12月31日","87,000 仟元","21,000 仟元","66,000 仟元",http://itas.tdp.org.tw/content/application/itas/plan_apply/guest-cnt-browse.php?cnt_id=507
outputs/508.json,彰化商業銀行股份有限公司,彰銀企業全球電子金融中心,,"91年4月1日 至 92年12月31日","87,906 仟元","21,000 仟元","66,906 仟元",http://itas.tdp.org.tw/content/application/itas/plan_apply/guest-cnt-browse.php?cnt_id=508
outputs/509.json,新寶科技股份有限公司,"e-Formosa 全球運籌電子化計畫",,"91年5月1日 至 92年12月31日","83,844 仟元","22,000 仟元","61,844 仟元",http://itas.tdp.org.tw/content/application/itas/plan_apply/guest-cnt-browse.php?cnt_id=509
outputs/510.json,大眾電腦股份有限公司,大眾公司全球運籌電子化計畫(e-Glogistics),,"91年5月1日 至 92年12月31日","87,290 仟元","24,000 仟元","63,290 仟元",http://itas.tdp.org.tw/content/application/itas/plan_apply/guest-cnt-browse.php?cnt_id=510
outputs/511.json,建準電機工業股份有限公司,建準研發設計協同作業整合系統計畫,,"91年5月1日 至 93年4月30日","56,711 仟元","18,000 仟元","38,711 仟元",http://itas.tdp.org.tw/content/application/itas/plan_apply/guest-cnt-browse.php?cnt_id=511
outputs/512.json,中國信託商業銀行股份有限公司,中信銀產業運籌金流電子化計畫,,"91年4月1日 至 92年12月31日","81,253 仟元","21,000 仟元","60,253 仟元",http://itas.tdp.org.tw/content/application/itas/plan_apply/guest-cnt-browse.php?cnt_id=512
outputs/513.json,第一商業銀行股份有限公司,第一銀行產業金流電子化開發計畫,,"91年4月1日 至 93年9月30日","87,000 仟元","21,000 仟元","66,000 仟元",http://itas.tdp.org.tw/content/application/itas/plan_apply/guest-cnt-browse.php?cnt_id=513
outputs/514.json,遠東國際商業銀行股份有限公司,遠東商銀e流網金計畫,,"91年4月1日 至 92年12月31日","84,852 仟元","18,000 仟元","66,852 仟元",http://itas.tdp.org.tw/content/application/itas/plan_apply/guest-cnt-browse.php?cnt_id=514
outputs/515.json,瑞軒科技股份有限公司,電子化全球產品支援中心,,"91年5月1日 至 92年12月31日","55,715 仟元","17,000 仟元","38,715 仟元",http://itas.tdp.org.tw/content/application/itas/plan_apply/guest-cnt-browse.php?cnt_id=515
outputs/516.json,華宇電腦股份有限公司,華宇電腦金物流電子化計畫,,"91年7月1日 至 93年9月30日","85,850 仟元","21,000 仟元","64,850 仟元",http://itas.tdp.org.tw/content/application/itas/plan_apply/guest-cnt-browse.php?cnt_id=516
outputs/517.json,惠普科技股份有限公司,惠普惠第一(TaiLink)計畫,,"91年7月1日 至 93年3月31日","97,788 仟元","27,500 仟元","70,288 仟元",http://itas.tdp.org.tw/content/application/itas/plan_apply/guest-cnt-browse.php?cnt_id=517
outputs/518.json,大眾電腦股份有限公司,"大眾公司研發設計協同作業電子化計畫 e-Development",,"91年9月1日 至 93年2月28日","60,232 仟元","13,500 仟元","46,732 仟元",http://itas.tdp.org.tw/content/application/itas/plan_apply/guest-cnt-browse.php?cnt_id=518
outputs/519.json,華通電腦股份有限公司,協同工程與金流電子化計畫,,"91年5月1日 至 93年4月30日","80,607 仟元","28,000 仟元","52,607 仟元",http://itas.tdp.org.tw/content/application/itas/plan_apply/guest-cnt-browse.php?cnt_id=519
outputs/520.json,大同股份有限公司,大同公司產品研發協同作業體系,,"91年9月1日 至 93年6月30日","70,000 仟元","14,000 仟元","56,000 仟元",http://itas.tdp.org.tw/content/application/itas/plan_apply/guest-cnt-browse.php?cnt_id=520
outputs/521.json,關貿網路股份有限公司,運籌服務系統(規劃案),,"90年10月1日 至 91年1月31日","5,937 仟元","1,500 仟元","4,437 仟元",http://itas.tdp.org.tw/content/application/itas/plan_apply/guest-cnt-browse.php?cnt_id=521
outputs/522.json,康柏電腦股份有限公司,康柏台威計畫二(TaiLink)(規劃案),,"90年12月1日 至 91年2月28日","4,720 仟元","1,933 仟元","2,787 仟元",http://itas.tdp.org.tw/content/application/itas/plan_apply/guest-cnt-browse.php?cnt_id=522
outputs/523.json,巨大機械工業股份有限公司,自行車全球協同研發系統環境建構,,"92年7月1日 至 94年6月30日","83,616 仟元","28,000 仟元","55,616 仟元",http://itas.tdp.org.tw/content/application/itas/plan_apply/guest-cnt-browse.php?cnt_id=523
outputs/524.json,育冠企業股份有限公司,生活工場InterLiving國際協同運籌計畫(規劃案),,"92年6月1日 至 92年8月31日","4,304 仟元","800 仟元","3,504 仟元",http://itas.tdp.org.tw/content/application/itas/plan_apply/guest-cnt-browse.php?cnt_id=524
outputs/525.json,永大數位動力股份有限公司,3D虛擬城市-數位都會資訊平台暨電子商務應用導入計畫,,"92年10月1日 至 94年9月30日","48,916 仟元","13,825 仟元","35,091 仟元",http://itas.tdp.org.tw/content/application/itas/plan_apply/guest-cnt-browse.php?cnt_id=525
outputs/526.json,航網科技股份有限公司,LSP國際物流深化計畫,,"92年7月1日 至 94年6月30日","86,678 仟元","30,000 仟元","56,678 仟元",http://itas.tdp.org.tw/content/application/itas/plan_apply/guest-cnt-browse.php?cnt_id=526
outputs/527.json,華碩電腦股份有限公司,華碩電腦-協同設計服務網,,"92年7月1日 至 94年6月30日","60,000 仟元","18,000 仟元","42,000 仟元",http://itas.tdp.org.tw/content/application/itas/plan_apply/guest-cnt-browse.php?cnt_id=527
outputs/528.json,光陽工業股份有限公司,光陽示範性設計社群系統應用,,"92年9月1日 至 94年8月31日","61,657 仟元","16,000 仟元","45,657 仟元",http://itas.tdp.org.tw/content/application/itas/plan_apply/guest-cnt-browse.php?cnt_id=528
outputs/529.json,建碁股份有限公司,建碁供應鏈清溪計劃,,"92年7月1日 至 94年9月30日","75,648 仟元","25,000 仟元","50,648 仟元",http://itas.tdp.org.tw/content/application/itas/plan_apply/guest-cnt-browse.php?cnt_id=529
outputs/530.json,春水堂科技娛樂股份有限公司,網路虛擬化身服務--宙斯(Zeus計畫),,"92年11月1日 至 94年10月31日","45,057 仟元","16,220 仟元","28,837 仟元",http://itas.tdp.org.tw/content/application/itas/plan_apply/guest-cnt-browse.php?cnt_id=530
outputs/531.json,太一信通股份有限公司,通路筆記型電腦代工廠全球運籌管理中心計畫,,"92年11月1日 至 93年12月3日","5,000 仟元","2,000 仟元","3,000 仟元",http://itas.tdp.org.tw/content/application/itas/plan_apply/guest-cnt-browse.php?cnt_id=531
outputs/532.json,興采實業股份有限公司,機能性紡織品數位化協同設計開發計畫,,"92年10月1日 至 94年9月30日","49,026 仟元","18,000 仟元","31,026 仟元",http://itas.tdp.org.tw/content/application/itas/plan_apply/guest-cnt-browse.php?cnt_id=532
outputs/533.json,聚陽實業股份有限公司,聚陽實業全球運籌管理計畫,,"92年11月1日 至 95年4月30日","69,820 仟元","20,000 仟元","49,820 仟元",http://itas.tdp.org.tw/content/application/itas/plan_apply/guest-cnt-browse.php?cnt_id=533
outputs/534.json,國際脈絡股份有限公司,脈絡網「Med-Hub」專案,,"92年10月1日 至 93年9月30日","24,564 仟元","9,500 仟元","15,064 仟元",http://itas.tdp.org.tw/content/application/itas/plan_apply/guest-cnt-browse.php?cnt_id=534
outputs/535.json,聯強國際股份有限公司,聯強國際3C供應鏈維修流ｅ計劃,,"93年1月1日 至 94年12月31日","83,173 仟元","26,000 仟元","57,173 仟元",http://itas.tdp.org.tw/content/application/itas/plan_apply/guest-cnt-browse.php?cnt_id=535
outputs/536.json,真茂科技股份有限公司,社區健康服務電子化示範計劃,,"92年10月1日 至 93年9月30日","15,091 仟元","6,000 仟元","9,091 仟元",http://itas.tdp.org.tw/content/application/itas/plan_apply/guest-cnt-browse.php?cnt_id=536
outputs/537.json,財團法人台北醫學大學附設醫院,SARS醫院防疫隔離追蹤資訊系統,,"92年10月1日 至 93年9月30日","32,193 仟元","14,500 仟元","17,693 仟元",http://itas.tdp.org.tw/content/application/itas/plan_apply/guest-cnt-browse.php?cnt_id=537
outputs/538.json,台北市立萬芳醫院委託財團法人私立台北醫學大學辦理,前瞻性抗SARS知識管理系統,,"92年10月1日 至 93年9月30日","25,183 仟元","10,000 仟元","15,183 仟元",http://itas.tdp.org.tw/content/application/itas/plan_apply/guest-cnt-browse.php?cnt_id=538
outputs/539.json,和信治癌中心醫院,建立後SARS時期專科醫院的管理模式,,"92年10月1日 至 93年9月30日","34,415 仟元","11,000 仟元","23,415 仟元",http://itas.tdp.org.tw/content/application/itas/plan_apply/guest-cnt-browse.php?cnt_id=539
outputs/540.json,秀傳紀念醫院,智慧型數位健康網,,"92年10月1日 至 93年9月30日","31,994 仟元","11,000 仟元","20,994 仟元",http://itas.tdp.org.tw/content/application/itas/plan_apply/guest-cnt-browse.php?cnt_id=540
outputs/541.json,台灣東洋藥品工業股份有限公司,"台灣東洋製藥體系「人體臨床試驗」商業智慧電子化發展計畫(TTY's eCBI)",,"93年2月1日 至 95年1月31日","49,970 仟元","16,000 仟元","33,970 仟元",http://itas.tdp.org.tw/content/application/itas/plan_apply/guest-cnt-browse.php?cnt_id=541
outputs/542.json,佳和實業股份有限公司,佳和實業全球運籌管理計畫,,"93年7月1日 至 95年9月30日","52,925 仟元","12,600 仟元","40,325 仟元",http://itas.tdp.org.tw/content/application/itas/plan_apply/guest-cnt-browse.php?cnt_id=542
outputs/543.json,南緯實業股份有限公司,紡織品協同設計管理資訊系統,,"93年4月1日 至 95年3月31日","50,000 仟元","13,500 仟元","36,500 仟元",http://itas.tdp.org.tw/content/application/itas/plan_apply/guest-cnt-browse.php?cnt_id=543
outputs/544.json,鼎新電腦股份有限公司,企業營運總部運籌管理電子化參考模式應用研究,,"93年3月1日 至 93年8月31日","10,000 仟元","3,500 仟元","6,500 仟元",http://itas.tdp.org.tw/content/application/itas/plan_apply/guest-cnt-browse.php?cnt_id=544
outputs/545.json,瑞軒科技股份有限公司,營運總部全球支援中心,,"93年3月1日 至 95年8月31日","50,000 仟元","15,000 仟元","35,000 仟元",http://itas.tdp.org.tw/content/application/itas/plan_apply/guest-cnt-browse.php?cnt_id=545
outputs/546.json,世訊科技股份有限公司,模具研發設計鏈,,"93年5月1日 至 95年4月30日","59,000 仟元","18,000 仟元","41,000 仟元",http://itas.tdp.org.tw/content/application/itas/plan_apply/guest-cnt-browse.php?cnt_id=546
outputs/547.json,匯豐汽車股份有限公司,汽車保修專業技術流通體系eCare計畫,,"93年1月1日 至 94年12月31日","66,467 仟元","21,600 仟元","44,867 仟元",http://itas.tdp.org.tw/content/application/itas/plan_apply/guest-cnt-browse.php?cnt_id=547
outputs/548.json,奇鋐科技股份有限公司,安心計畫,,"93年4月1日 至 95年9月30日","50,000 仟元","17,000 仟元","33,000 仟元",http://itas.tdp.org.tw/content/application/itas/plan_apply/guest-cnt-browse.php?cnt_id=548
outputs/549.json,東森得易購股份有限公司,東森購物CRM發展計畫,,"93年5月1日 至 95年4月30日","72,342 仟元","25,000 仟元","47,342 仟元",http://itas.tdp.org.tw/content/application/itas/plan_apply/guest-cnt-browse.php?cnt_id=549
outputs/550.json,雙葉開發科技股份有限公司,提昇塑模產業設計開發之競爭力先期研計劃,,"93年4月1日 至 93年8月31日","5,400 仟元","2,400 仟元","3,000 仟元",http://itas.tdp.org.tw/content/application/itas/plan_apply/guest-cnt-browse.php?cnt_id=550
outputs/551.json,裕隆汽車製造股份有限公司,建構汽車國際製造服務價值鏈,,"93年7月1日 至 95年6月30日","72,000 仟元","25,000 仟元","47,000 仟元",http://itas.tdp.org.tw/content/application/itas/plan_apply/guest-cnt-browse.php?cnt_id=551
outputs/552.json,惠普科技股份有限公司,寰淨計畫之惠普WEEE與RoHS高科技產業因應計畫（規劃案）,,"93年3月1日 至 93年6月30日","5,251 仟元","2,500 仟元","2,751 仟元",http://itas.tdp.org.tw/content/application/itas/plan_apply/guest-cnt-browse.php?cnt_id=552
outputs/553.json,凌華科技股份有限公司,工業電腦樂高,,"93年5月1日 至 95年10月31日","58,900 仟元","18,000 仟元","40,900 仟元",http://itas.tdp.org.tw/content/application/itas/plan_apply/guest-cnt-browse.php?cnt_id=553
outputs/554.json,展壯園藝股份有限公司,蘭花產業產銷電子化整合計畫(規劃案),,"93年3月1日 至 93年6月30日","5,265 仟元","2,000 仟元","3,265 仟元",http://itas.tdp.org.tw/content/application/itas/plan_apply/guest-cnt-browse.php?cnt_id=554
outputs/555.json,臺灣電視事業股份有限公司,數位電視/電信加值服務示範性資訊應用系統整合開發計畫,,"93年7月1日 至 95年6月30日","46,683 仟元","15,000 仟元","31,683 仟元",http://itas.tdp.org.tw/content/application/itas/plan_apply/guest-cnt-browse.php?cnt_id=555
outputs/556.json,中國電視股份有限公司,中文互動式無線數位電視應用及營運環境建置計畫,,"93年7月1日 至 95年6月30日","46,502 仟元","14,000 仟元","32,502 仟元",http://itas.tdp.org.tw/content/application/itas/plan_apply/guest-cnt-browse.php?cnt_id=556
outputs/557.json,中國廣播股份有限公司,DAB語音圖文資訊之整合應用暨商業營運模式計畫(規劃案),,"93年8月1日 至 93年12月31日","9,084 仟元","3,500 仟元","5,584 仟元",http://itas.tdp.org.tw/content/application/itas/plan_apply/guest-cnt-browse.php?cnt_id=557
outputs/558.json,維州生物科股份有限公司,臨床試驗資訊系統,,"93年6月1日 至 95年11月30日","34,356 仟元","10,000 仟元","24,356 仟元",http://itas.tdp.org.tw/content/application/itas/plan_apply/guest-cnt-browse.php?cnt_id=558
outputs/559.json,神達電腦股份有限公司,寰淨計畫－神達電腦綠色供應鏈計畫（規劃案）,,"93年3月1日 至 93年6月30日","7,804 仟元","3,900 仟元","3,904 仟元",http://itas.tdp.org.tw/content/application/itas/plan_apply/guest-cnt-browse.php?cnt_id=559
outputs/560.json,美亞捷運股份有限公司,全球運籌資訊後勤支援系統計畫,,"93年6月1日 至 93年10月30日","4,060 仟元","1,200 仟元","2,860 仟元",http://itas.tdp.org.tw/content/application/itas/plan_apply/guest-cnt-browse.php?cnt_id=560
outputs/561.json,永豐餘造紙股份有限公司,供應鏈RFID資訊應用開發規劃計畫,,"93年5月1日 至 93年12月31日","10,000 仟元","4,500 仟元","5,500 仟元",http://itas.tdp.org.tw/content/application/itas/plan_apply/guest-cnt-browse.php?cnt_id=561
outputs/562.json,新麗企業股份有限公司,新麗不織布功能性產品全球運籌中心,,"93年7月1日 至 95年9月30日","46,479 仟元","14,600 仟元","31,879 仟元",http://itas.tdp.org.tw/content/application/itas/plan_apply/guest-cnt-browse.php?cnt_id=562
outputs/563.json,潤泰全球股份有限公司,潤泰全球供應服務,,"93年7月1日 至 95年12月31日","53,204 仟元","18,600 仟元","34,604 仟元",http://itas.tdp.org.tw/content/application/itas/plan_apply/guest-cnt-browse.php?cnt_id=563
outputs/564.json,儒鴻企業股份有限公司,儒鴻企業高價值紡織製造服務(VTMS)全球運籌電子化深化計畫,,"93年7月1日 至 95年12月31日","54,000 仟元","19,600 仟元","34,400 仟元",http://itas.tdp.org.tw/content/application/itas/plan_apply/guest-cnt-browse.php?cnt_id=564
outputs/565.json,力麗企業股份有限公司,力麗企業全球供應鏈後勤指揮中心,,"93年7月1日 至 95年12月31日","55,545 仟元","17,600 仟元","37,945 仟元",http://itas.tdp.org.tw/content/application/itas/plan_apply/guest-cnt-browse.php?cnt_id=565
outputs/566.json,綠點高新科技股份有限公司,手機機構件協同開發示範計畫,,"93年9月1日 至 95年8月31日","69,163 仟元","21,440 仟元","47,723 仟元",http://itas.tdp.org.tw/content/application/itas/plan_apply/guest-cnt-browse.php?cnt_id=566
outputs/567.json,宏碁股份有限公司,EPC供應鏈資料交換網路服務平台,,"93年10月1日 至 95年3月31日","46,000 仟元","15,000 仟元","31,000 仟元",http://itas.tdp.org.tw/content/application/itas/plan_apply/guest-cnt-browse.php?cnt_id=567
outputs/568.json,探微科技股份有限公司,微機電協同發展服務平台(規劃案),,"94年1月1日 至 94年6月30日","9,560 仟元","4,000 仟元","5,560 仟元",http://itas.tdp.org.tw/content/application/itas/plan_apply/guest-cnt-browse.php?cnt_id=568
outputs/569.json,飛康國際網路科技股份有限公司,資訊生命週期管理解決方案,,"93年11月1日 至 95年8月31日","68,221 仟元","16,000 仟元","52,221 仟元",http://itas.tdp.org.tw/content/application/itas/plan_apply/guest-cnt-browse.php?cnt_id=569
outputs/570.json,榮剛材料科技股份有限公司,模材與模具產業整合製造服務計畫,,"93年10月1日 至 95年9月30日","45,000 仟元","15,000 仟元","30,000 仟元",http://itas.tdp.org.tw/content/application/itas/plan_apply/guest-cnt-browse.php?cnt_id=570
outputs/571.json,復盛股份有限公司,全球高爾夫球具創新與設計中心,,"94年4月1日 至 96年9月30日","44,685 仟元","14,040 仟元","30,645 仟元",http://itas.tdp.org.tw/content/application/itas/plan_apply/guest-cnt-browse.php?cnt_id=571
outputs/572.json,羽冠電腦科技股份有限公司,FPD產業先進整合製造及RFID應用可行性先導計畫,,"94年4月1日 至 94年12月31日","7,170 仟元","2,800 仟元","4,370 仟元",http://itas.tdp.org.tw/content/application/itas/plan_apply/guest-cnt-browse.php?cnt_id=572
outputs/573.json,三龍產業股份有限公司,汽車系統組件主動式協同設計服務,,"94年1月1日 至 95年12月31日","42,900 仟元","13,000 仟元","29,900 仟元",http://itas.tdp.org.tw/content/application/itas/plan_apply/guest-cnt-browse.php?cnt_id=573
outputs/574.json,中興保全股份有限公司,行動保全緊急支援系統計畫(規劃案),,"93年11月15日 至 94年3月15日","4,415 仟元","1,770 仟元","2,645 仟元",http://itas.tdp.org.tw/content/application/itas/plan_apply/guest-cnt-browse.php?cnt_id=574
outputs/575.json,凌羣電腦股份有限公司,i4M多國多商品交易平台,,"94年4月1日 至 96年3月31日","55,276 仟元","19,347 仟元","35,929 仟元",http://itas.tdp.org.tw/content/application/itas/plan_apply/guest-cnt-browse.php?cnt_id=575
outputs/576.json,恩德科技股份有限公司,恩德科技全球數位神經網絡整合建置計畫,,"94年4月1日 至 96年7月31日","42,000 仟元","14,280 仟元","27,720 仟元",http://itas.tdp.org.tw/content/application/itas/plan_apply/guest-cnt-browse.php?cnt_id=576
outputs/577.json,明安國際企業股份有限公司,"明安國際企業i – Design高爾夫球具協同設計開發專案",,"94年4月1日 至 96年3月31日","44,978 仟元","14,400 仟元","30,578 仟元",http://itas.tdp.org.tw/content/application/itas/plan_apply/guest-cnt-browse.php?cnt_id=577
outputs/578.json,農學股份有限公司,農學體系協同商務整合計畫,,"94年4月1日 至 96年3月31日","51,271 仟元","16,000 仟元","35,271 仟元",http://itas.tdp.org.tw/content/application/itas/plan_apply/guest-cnt-browse.php?cnt_id=578
outputs/579.json,全台晶像股份有限公司,中小尺寸平面顯示器協同技術服務體系計畫,,"94年6月1日 至 96年5月31日","51,832 仟元","15,000 仟元","36,832 仟元",http://itas.tdp.org.tw/content/application/itas/plan_apply/guest-cnt-browse.php?cnt_id=579
outputs/580.json,華城電機股份有限公司,華城電機設計鏈協同設計計畫,,"94年5月1日 至 96年4月30日","51,062 仟元","17,000 仟元","34,062 仟元",http://itas.tdp.org.tw/content/application/itas/plan_apply/guest-cnt-browse.php?cnt_id=580
outputs/581.json,精誠資訊股份有限公司,巴賽爾核心多維度STP創新平臺,,"94年4月1日 至 96年3月31日","59,120 仟元","21,283 仟元","37,837 仟元",http://itas.tdp.org.tw/content/application/itas/plan_apply/guest-cnt-browse.php?cnt_id=581
outputs/582.json,宏遠電訊股份有限公司,顧客價值提升協同營運服務計畫,,"94年6月1日 至 96年5月31日","49,817 仟元","10,000 仟元","39,817 仟元",http://itas.tdp.org.tw/content/application/itas/plan_apply/guest-cnt-browse.php?cnt_id=582
outputs/583.json,中菲電腦股份有限公司,"建構個人財富管理信託產品發展計畫– Ideal Trust®",,"94年4月1日 至 96年3月31日","38,702 仟元","13,159 仟元","25,543 仟元",http://itas.tdp.org.tw/content/application/itas/plan_apply/guest-cnt-browse.php?cnt_id=583
outputs/584.json,財團法人恩主公醫院,恩主公醫院RFID計畫,,"94年9月1日 至 95年11月30日","30,500 仟元","12,000 仟元","18,500 仟元",http://itas.tdp.org.tw/content/application/itas/plan_apply/guest-cnt-browse.php?cnt_id=584
outputs/585.json,三陽工業股份有限公司,三陽工業全球化設計鏈協同設計計畫,,"94年6月1日 至 96年5月31日","68,188 仟元","16,000 仟元","52,188 仟元",http://itas.tdp.org.tw/content/application/itas/plan_apply/guest-cnt-browse.php?cnt_id=585
outputs/586.json,凌昂資訊股份有限公司,醫療產業RFID應用規劃計畫,,"94年4月1日 至 94年12月31日","7,418 仟元","3,237 仟元","4,181 仟元",http://itas.tdp.org.tw/content/application/itas/plan_apply/guest-cnt-browse.php?cnt_id=586
outputs/587.json,喜美旅行社股份有限公司,旅遊業創新服務模式與供應鍊整合運用,,"94年9月1日 至 96年8月31日","46,530 仟元","11,300 仟元","35,230 仟元",http://itas.tdp.org.tw/content/application/itas/plan_apply/guest-cnt-browse.php?cnt_id=587
outputs/588.json,精融網路科技股份有限公司,工具機產業研發協同資訊應用開發計畫,,"94年10月1日 至 96年9月30日","48,600 仟元","15,000 仟元","33,600 仟元",http://itas.tdp.org.tw/content/application/itas/plan_apply/guest-cnt-browse.php?cnt_id=588
outputs/589.json,台灣富得巴精模機材股份有限公司,模座開發服務體系計畫,,"94年9月1日 至 95年8月31日","32,625 仟元","12,000 仟元","20,625 仟元",http://itas.tdp.org.tw/content/application/itas/plan_apply/guest-cnt-browse.php?cnt_id=589
outputs/590.json,智邦科技股份有限公司,綠色供應鏈管理計畫,,"94年7月1日 至 96年6月30日","50,100 仟元","18,500 仟元","31,600 仟元",http://itas.tdp.org.tw/content/application/itas/plan_apply/guest-cnt-browse.php?cnt_id=590
outputs/591.json,大眾電腦股份有限公司,大眾寰淨計畫,,"94年7月1日 至 95年12月31日","40,000 仟元","14,000 仟元","26,000 仟元",http://itas.tdp.org.tw/content/application/itas/plan_apply/guest-cnt-browse.php?cnt_id=591
outputs/592.json,華宇電腦股份有限公司,"綠動計畫(Arima SDC-3In@Clone)",,"94年9月1日 至 96年8月31日","42,210 仟元","12,000 仟元","30,210 仟元",http://itas.tdp.org.tw/content/application/itas/plan_apply/guest-cnt-browse.php?cnt_id=592
outputs/593.json,中環股份有限公司,"中環全球運籌II － 資智通見計畫",,"94年8月1日 至 96年12月31日","45,000 仟元","12,000 仟元","33,000 仟元",http://itas.tdp.org.tw/content/application/itas/plan_apply/guest-cnt-browse.php?cnt_id=593
outputs/594.json,華碩電腦股份有限公司,綠色鏈管理應用平台研發計劃,,"94年7月1日 至 96年6月30日","63,020 仟元","22,000 仟元","41,020 仟元",http://itas.tdp.org.tw/content/application/itas/plan_apply/guest-cnt-browse.php?cnt_id=594
outputs/595.json,台灣區電機電子工業同業公會,寰凈計畫-綠色電機電子零件材料驗證資訊平台計畫,,"94年7月1日 至 96年6月30日","64,140 仟元","24,500 仟元","39,640 仟元",http://itas.tdp.org.tw/content/application/itas/plan_apply/guest-cnt-browse.php?cnt_id=595
outputs/596.json,福裕事業股份有限公司,精密工具機跨國合作協同設計系統,,"94年11月1日 至 96年10月31日","38,500 仟元","12,000 仟元","26,500 仟元",http://itas.tdp.org.tw/content/application/itas/plan_apply/guest-cnt-browse.php?cnt_id=596
outputs/597.json,花仙子企業股份有限公司,花仙子企業『花冠』計畫,,"94年10月1日 至 97年6月30日","34,000 仟元","9,500 仟元","24,500 仟元",http://itas.tdp.org.tw/content/application/itas/plan_apply/guest-cnt-browse.php?cnt_id=597
outputs/598.json,神達電腦股份有限公司,神達電腦綠色供應鏈計畫,,"94年7月1日 至 96年3月31日","48,000 仟元","18,000 仟元","30,000 仟元",http://itas.tdp.org.tw/content/application/itas/plan_apply/guest-cnt-browse.php?cnt_id=598
outputs/599.json,台灣檢驗科技股份有限公司,綠色產品管理第三者驗證體系與資訊平台建置,,"94年7月1日 至 96年6月30日","46,400 仟元","18,000 仟元","28,400 仟元",http://itas.tdp.org.tw/content/application/itas/plan_apply/guest-cnt-browse.php?cnt_id=599
outputs/600.json,建準電機工業股份有限公司,建準智慧型協同專利加值系統計畫,,"94年9月1日 至 96年8月31日","32,260 仟元","10,000 仟元","22,260 仟元",http://itas.tdp.org.tw/content/application/itas/plan_apply/guest-cnt-browse.php?cnt_id=600
outputs/601.json,神通電腦股份有限公司,"金融 SOA 服務導向架構示範性應用計畫",,"94年9月1日 至 95年1月31日","7,070 仟元","2,830 仟元","4,240 仟元",http://itas.tdp.org.tw/content/application/itas/plan_apply/guest-cnt-browse.php?cnt_id=601
outputs/602.json,正隆股份有限公司,RFID紙箱設計測試服務平台,,"94年10月1日 至 96年9月30日","41,000 仟元","14,000 仟元","27,000 仟元",http://itas.tdp.org.tw/content/application/itas/plan_apply/guest-cnt-browse.php?cnt_id=602
outputs/603.json,浩漢產品設計公司,創新價值設計服務協同開發計畫,,"94年9月1日 至 96年8月31日","37,500 仟元","12,000 仟元","25,500 仟元",http://itas.tdp.org.tw/content/application/itas/plan_apply/guest-cnt-browse.php?cnt_id=603
outputs/604.json,麗嬰房股份有限公司,品牌、通路、消費者擴展計畫,,"94年10月1日 至 96年9月30日","39,050 仟元","13,000 仟元","26,050 仟元",http://itas.tdp.org.tw/content/application/itas/plan_apply/guest-cnt-browse.php?cnt_id=604
outputs/605.json,協易機械工業股份有限公司,協易機械協作式客戶服務整合計畫,,"94年9月1日 至 96年7月31日","32,000 仟元","11,000 仟元","21,000 仟元",http://itas.tdp.org.tw/content/application/itas/plan_apply/guest-cnt-browse.php?cnt_id=605
outputs/606.json,南茂科技股份有限公司test,晶圓測試即時共通資訊平台應用開發計劃,,"95年1月1日 至 96年12月31日","48,100 仟元","14,430 仟元","33,670 仟元",http://itas.tdp.org.tw/content/application/itas/plan_apply/guest-cnt-browse.php?cnt_id=606
outputs/607.json,富強鑫精密工業股份有限公司,富強鑫全球多品牌服務加值網計畫,,"94年8月1日 至 96年7月31日","35,700 仟元","12,500 仟元","23,200 仟元",http://itas.tdp.org.tw/content/application/itas/plan_apply/guest-cnt-browse.php?cnt_id=607
outputs/608.json,金豐機器工業股份有限公司,"金豐機器 e-CF工業服務全球運籌計畫",,"94年8月1日 至 96年7月31日","32,200 仟元","11,000 仟元","21,200 仟元",http://itas.tdp.org.tw/content/application/itas/plan_apply/guest-cnt-browse.php?cnt_id=608
outputs/609.json,民間全民電視股份有限公司,影音資訊流通與加值平台計畫(規劃案),,"95年4月1日 至 96年3月31日","4,700 仟元","2,100 仟元","2,600 仟元",http://itas.tdp.org.tw/content/application/itas/plan_apply/guest-cnt-browse.php?cnt_id=609
outputs/610.json,宏遠興業股份有限公司,"EV-GLM全球運籌深化 e  計畫",,"94年10月1日 至 95年12月31日","38,800 仟元","14,600 仟元","24,200 仟元",http://itas.tdp.org.tw/content/application/itas/plan_apply/guest-cnt-browse.php?cnt_id=610
outputs/611.json,年興紡織股份有限公司,年興紡織全球運籌中心卓越計畫,,"94年10月1日 至 96年12月31日","35,000 仟元","13,600 仟元","21,400 仟元",http://itas.tdp.org.tw/content/application/itas/plan_apply/guest-cnt-browse.php?cnt_id=611
outputs/612.json,翔威國際股份有限公司,多元化手機應用軟體協同設計開發與測試支援計畫,,"95年1月1日 至 95年6月30日","3,065 仟元","1,250 仟元","1,815 仟元",http://itas.tdp.org.tw/content/application/itas/plan_apply/guest-cnt-browse.php?cnt_id=612
outputs/613.json,技嘉科技股份有限公司,綠色科技人生開發計畫,,"95年1月1日 至 96年12月31日","48,800 仟元","15,000 仟元","33,800 仟元",http://itas.tdp.org.tw/content/application/itas/plan_apply/guest-cnt-browse.php?cnt_id=613
outputs/614.json,惠普科技股份有限公司,惠普惠第一(TaiLink)計畫,,"91年7月1日 至 93年3月31日","246,986 仟元","75,000 仟元","171,986 仟元",http://itas.tdp.org.tw/content/application/itas/plan_apply/guest-cnt-browse.php?cnt_id=614
outputs/615.json,合勤科技股份有限公司,合勤科技寰淨計畫,,"95年6月1日 至 97年2月29日","43,490 仟元","14,500 仟元","28,990 仟元",http://itas.tdp.org.tw/content/application/itas/plan_apply/guest-cnt-browse.php?cnt_id=615
outputs/616.json,寶熊漁具股份有限公司,寶熊漁具全球研發資源整合計畫,,"95年9月1日 至 97年8月31日","26,500 仟元","9,800 仟元","16,700 仟元",http://itas.tdp.org.tw/content/application/itas/plan_apply/guest-cnt-browse.php?cnt_id=616
outputs/617.json,強盛染整股份有限公司,"數位染整協同設計開發計畫(e-Color Collaboration Design)",,"95年8月1日 至 97年7月31日","35,000 仟元","12,500 仟元","22,500 仟元",http://itas.tdp.org.tw/content/application/itas/plan_apply/guest-cnt-browse.php?cnt_id=617
outputs/618.json,鼎新電腦股份有限公司,拓易計畫-紡織產業知識運籌e化計畫,,"95年9月1日 至 97年2月28日","41,000 仟元","14,000 仟元","27,000 仟元",http://itas.tdp.org.tw/content/application/itas/plan_apply/guest-cnt-browse.php?cnt_id=618
outputs/619.json,凌昂資訊股份有限公司,醫療產業RFID共通平台,,"95年11月1日 至 97年4月30日","9,900 仟元","3,950 仟元","5,950 仟元",http://itas.tdp.org.tw/content/application/itas/plan_apply/guest-cnt-browse.php?cnt_id=619
outputs/620.json,威寶電信股份有限公司,行動視訊互動應用服務,,"95年8月1日 至 95年11月30日","3,500 仟元","1,400 仟元","2,100 仟元",http://itas.tdp.org.tw/content/application/itas/plan_apply/guest-cnt-browse.php?cnt_id=620
outputs/621.json,奇美通訊股份有限公司,CMCS手機共同設計服務製造(ODEMS)計畫,,"95年8月1日 至 97年7月31日","49,000 仟元","17,000 仟元","32,000 仟元",http://itas.tdp.org.tw/content/application/itas/plan_apply/guest-cnt-browse.php?cnt_id=621
outputs/622.json,財宏科技股份有限公司,網路電子錢建置、推廣計畫(Money-MMP),,"95年11月1日 至 97年10月31日","35,350 仟元","14,140 仟元","21,210 仟元",http://itas.tdp.org.tw/content/application/itas/plan_apply/guest-cnt-browse.php?cnt_id=622
outputs/623.json,雷虎科技股份有限公司,雷虎科技全球協同運籌計畫,,"95年8月1日 至 97年7月31日","30,000 仟元","12,230 仟元","17,770 仟元",http://itas.tdp.org.tw/content/application/itas/plan_apply/guest-cnt-browse.php?cnt_id=623
outputs/624.json,德河貿易有限公司,活體水產U化運籌系統,,"95年11月1日 至 97年4月30日","19,000 仟元","7,600 仟元","11,400 仟元",http://itas.tdp.org.tw/content/application/itas/plan_apply/guest-cnt-browse.php?cnt_id=624
outputs/625.json,高雄醫學大學,高醫社區健康照顧網資訊系統,,"95年9月1日 至 97年8月31日","40,000 仟元","16,000 仟元","24,000 仟元",http://itas.tdp.org.tw/content/application/itas/plan_apply/guest-cnt-browse.php?cnt_id=625
outputs/626.json,紅陽科技股份有限公司,e-escrow線上安全交易系統應用開發計畫(規劃案),,"96年3月1日 至 96年7月31日","2,500 仟元","1,000 仟元","1,500 仟元",http://itas.tdp.org.tw/content/application/itas/plan_apply/guest-cnt-browse.php?cnt_id=626
outputs/627.json,汎宇電商股份有限公司,"Auto e-Hub車輛業全球行銷平台建置推廣計畫",,"95年11月1日 至 97年10月31日","32,000 仟元","11,520 仟元","20,480 仟元",http://itas.tdp.org.tw/content/application/itas/plan_apply/guest-cnt-browse.php?cnt_id=627
outputs/628.json,星動科技股份有限公司,台灣綠產保庫,,"96年1月1日 至 96年7月31日","8,640 仟元","3,400 仟元","5,240 仟元",http://itas.tdp.org.tw/content/application/itas/plan_apply/guest-cnt-browse.php?cnt_id=628
outputs/629.json,耐美科技股份有限公司,加值型身分認證、交易認證與忠誠管理金融創新服務,,"96年1月1日 至 96年4月30日","4,800 仟元","1,920 仟元","2,880 仟元",http://itas.tdp.org.tw/content/application/itas/plan_apply/guest-cnt-browse.php?cnt_id=629
outputs/630.json,精英電腦股份有限公司,精英綠色競爭優勢品質計劃,,"96年3月1日 至 97年8月31日","41,500 仟元","13,500 仟元","28,000 仟元",http://itas.tdp.org.tw/content/application/itas/plan_apply/guest-cnt-browse.php?cnt_id=630
outputs/631.json,德鴻科技股份有限公司,客服中心人資優化系統軟體開發計畫(規劃案),,"95年11月1日 至 96年4月30日","7,500 仟元","3,500 仟元","4,000 仟元",http://itas.tdp.org.tw/content/application/itas/plan_apply/guest-cnt-browse.php?cnt_id=631
outputs/632.json,雙葉開發科技股份有限公司,RFID緊急醫療系統建置計畫,,"95年11月1日 至 97年4月30日","30,300 仟元","12,000 仟元","18,300 仟元",http://itas.tdp.org.tw/content/application/itas/plan_apply/guest-cnt-browse.php?cnt_id=632
outputs/633.json,叡揚資訊股份有限公司,整合協同作業、知識管理及流程管理之整合型知識工作者作業平台,,"95年11月1日 至 97年8月31日","27,000 仟元","11,500 仟元","15,500 仟元",http://itas.tdp.org.tw/content/application/itas/plan_apply/guest-cnt-browse.php?cnt_id=633
outputs/634.json,士林電機廠股份有限公司,士電集團二輪事業營運總部奔馳國際電子化計畫,,"96年3月1日 至 98年2月28日","24,600 仟元","8,420 仟元","16,180 仟元",http://itas.tdp.org.tw/content/application/itas/plan_apply/guest-cnt-browse.php?cnt_id=634
outputs/635.json,東元電機股份有限公司,以無線射頻為基礎之血袋暨資源管理系統,,"95年11月1日 至 97年4月30日","32,000 仟元","12,000 仟元","20,000 仟元",http://itas.tdp.org.tw/content/application/itas/plan_apply/guest-cnt-browse.php?cnt_id=635
outputs/636.json,大山雞場股份有限公司,U化科技之智慧型創新飼育應用計畫,,"96年4月1日 至 98年3月31日","40,000 仟元","12,000 仟元","28,000 仟元",http://itas.tdp.org.tw/content/application/itas/plan_apply/guest-cnt-browse.php?cnt_id=636
outputs/637.json,莫洱科技股份有限公司,自主性餐飲服務暨顧客價值共創代理系統規劃案,,"96年1月1日 至 96年5月31日","3,730 仟元","1,600 仟元","2,130 仟元",http://itas.tdp.org.tw/content/application/itas/plan_apply/guest-cnt-browse.php?cnt_id=637
outputs/638.json,探網科技股份有限公司,中醫藥先導服務平台開發規劃案,,"96年1月1日 至 96年8月31日","6,800 仟元","2,800 仟元","4,000 仟元",http://itas.tdp.org.tw/content/application/itas/plan_apply/guest-cnt-browse.php?cnt_id=638
outputs/639.json,碩琦科技股份有限公司,即時通訊協定的新反垃圾郵件技術軟體零組件化開發計劃,,"96年1月1日 至 97年6月30日","11,400 仟元","5,118 仟元","6,282 仟元",http://itas.tdp.org.tw/content/application/itas/plan_apply/guest-cnt-browse.php?cnt_id=639
outputs/640.json,康和資訊系統股份有限公司,用藥與緊急醫療內外部界接平台,,"95年11月1日 至 97年4月30日","28,000 仟元","10,000 仟元","18,000 仟元",http://itas.tdp.org.tw/content/application/itas/plan_apply/guest-cnt-browse.php?cnt_id=640
outputs/641.json,承世資訊系統股份有限公司,金融卡跨平台異業整合支付系統計畫,,"96年3月1日 至 96年8月31日","2,670 仟元","1,000 仟元","1,670 仟元",http://itas.tdp.org.tw/content/application/itas/plan_apply/guest-cnt-browse.php?cnt_id=641
outputs/642.json,博暉科技股份有限公司,組合式商品交易系統平台,,"96年3月1日 至 96年8月31日","3,750 仟元","1,400 仟元","2,350 仟元",http://itas.tdp.org.tw/content/application/itas/plan_apply/guest-cnt-browse.php?cnt_id=642
outputs/643.json,凌羣電腦股份有限公司,智慧型金融防詐騙偵測與通報平台,,"96年1月1日 至 96年6月30日","5,300 仟元","2,440 仟元","2,860 仟元",http://itas.tdp.org.tw/content/application/itas/plan_apply/guest-cnt-browse.php?cnt_id=643
outputs/644.json,勤美股份有限公司,勤美零組件供應配銷服務計畫,,"96年3月1日 至 98年2月28日","38,200 仟元","14,500 仟元","23,700 仟元",http://itas.tdp.org.tw/content/application/itas/plan_apply/guest-cnt-browse.php?cnt_id=644
outputs/645.json,春雨工廠股份有限公司,春雨集團品牌價值創新服務加值計畫,,"96年5月1日 至 98年4月30日","36,000 仟元","13,350 仟元","22,650 仟元",http://itas.tdp.org.tw/content/application/itas/plan_apply/guest-cnt-browse.php?cnt_id=645
outputs/646.json,甲尚股份有限公司,新一代互動Avatar客製服務營運平台,,"96年1月1日 至 97年12月31日","30,000 仟元","13,500 仟元","16,500 仟元",http://itas.tdp.org.tw/content/application/itas/plan_apply/guest-cnt-browse.php?cnt_id=646
outputs/647.json,財團法人新光吳火獅醫院,"醫療產業RFID建置導入 ~打造全方位的預防醫學健檢中心~",,"96年4月1日 至 97年9月30日","28,000 仟元","11,000 仟元","17,000 仟元",http://itas.tdp.org.tw/content/application/itas/plan_apply/guest-cnt-browse.php?cnt_id=647
outputs/648.json,環隆科技股份有限公司,環隆科技綠色供應鏈計畫,,"96年9月1日 至 98年2月28日","41,640 仟元","14,700 仟元","26,940 仟元",http://itas.tdp.org.tw/content/application/itas/plan_apply/guest-cnt-browse.php?cnt_id=648
outputs/649.json,美吾華股份有限公司,博登藥局全國醫藥通路社區照護計畫,,"96年4月1日 至 98年3月31日","33,000 仟元","12,050 仟元","20,950 仟元",http://itas.tdp.org.tw/content/application/itas/plan_apply/guest-cnt-browse.php?cnt_id=649
outputs/650.json,和信超媒體股份有限公司,數位家庭休閒益智遊戲整合平台開發計畫,,"96年4月1日 至 98年3月31日","37,000 仟元","12,000 仟元","25,000 仟元",http://itas.tdp.org.tw/content/application/itas/plan_apply/guest-cnt-browse.php?cnt_id=650
outputs/651.json,聯合通商電子商務股份有限公司,客戶導向之供應鏈協同商務產品化及推廣計畫,,"96年5月1日 至 98年4月30日","27,500 仟元","11,000 仟元","16,500 仟元",http://itas.tdp.org.tw/content/application/itas/plan_apply/guest-cnt-browse.php?cnt_id=651
outputs/652.json,錦華資訊科技股份有限公司,新巴塞爾協定SOA架構之徵授信生命週期流程管理產品化示範性應用計畫,,"96年5月1日 至 96年10月31日","5,300 仟元","1,900 仟元","3,400 仟元",http://itas.tdp.org.tw/content/application/itas/plan_apply/guest-cnt-browse.php?cnt_id=652
outputs/653.json,技嘉科技股份有限公司,"技嘉科技車用電腦(car pc)協同設計鏈計畫",,"96年8月1日 至 98年7月31日","48,000 仟元","17,000 仟元","31,000 仟元",http://itas.tdp.org.tw/content/application/itas/plan_apply/guest-cnt-browse.php?cnt_id=653
outputs/654.json,致茂電子股份有限公司,製程測試解決方案協同設計e計劃,,"96年7月1日 至 98年6月30日","28,000 仟元","12,300 仟元","15,700 仟元",http://itas.tdp.org.tw/content/application/itas/plan_apply/guest-cnt-browse.php?cnt_id=654
outputs/655.json,宇瞻科技股份有限公司,宇瞻全球運籌價值提升A+計畫,,"96年9月1日 至 98年8月31日","44,500 仟元","16,000 仟元","28,500 仟元",http://itas.tdp.org.tw/content/application/itas/plan_apply/guest-cnt-browse.php?cnt_id=655
outputs/656.json,安源通訊股份有限公司,行動支付推動計畫,,"96年4月1日 至 96年9月30日","2,200 仟元","1,000 仟元","1,200 仟元",http://itas.tdp.org.tw/content/application/itas/plan_apply/guest-cnt-browse.php?cnt_id=656
outputs/657.json,華東科技股份有限公司,程序型機台模擬操作系統發展計畫,,"96年5月1日 至 98年4月30日","36,000 仟元","14,000 仟元","22,000 仟元",http://itas.tdp.org.tw/content/application/itas/plan_apply/guest-cnt-browse.php?cnt_id=657
outputs/658.json,碩網資訊股份有限公司,跨校園行動小額付款共通平台創新應用研發計畫(第一期),,"96年4月1日 至 96年9月30日","6,400 仟元","2,700 仟元","3,700 仟元",http://itas.tdp.org.tw/content/application/itas/plan_apply/guest-cnt-browse.php?cnt_id=658
outputs/659.json,年代網際事業股份有限公司,M年代-創新支付計畫,,"96年4月1日 至 96年9月30日","9,650 仟元","4,000 仟元","5,650 仟元",http://itas.tdp.org.tw/content/application/itas/plan_apply/guest-cnt-browse.php?cnt_id=659
outputs/660.json,恩門科技股份有限公司,"SIMCash 行動支付應用管理系統",,"96年4月1日 至 96年9月30日","14,100 仟元","6,300 仟元","7,800 仟元",http://itas.tdp.org.tw/content/application/itas/plan_apply/guest-cnt-browse.php?cnt_id=660
outputs/661.json,企碁科技股份有限公司,以IC卡憑證為基礎的手機線上行動支付計畫,,"96年4月1日 至 96年9月30日","10,000 仟元","4,500 仟元","5,500 仟元",http://itas.tdp.org.tw/content/application/itas/plan_apply/guest-cnt-browse.php?cnt_id=661
outputs/662.json,冠霆電信科技股份有限公司,"Toll Free Simple Control",,"96年4月1日 至 96年9月30日","2,200 仟元","1,000 仟元","1,200 仟元",http://itas.tdp.org.tw/content/application/itas/plan_apply/guest-cnt-browse.php?cnt_id=662
outputs/663.json,宇通光電通信股份有限公司,行動付款創新應用計畫,,"96年4月1日 至 96年9月30日","15,785 仟元","6,300 仟元","9,485 仟元",http://itas.tdp.org.tw/content/application/itas/plan_apply/guest-cnt-browse.php?cnt_id=663
outputs/664.json,臺灣網路認證股份有限公司,「電子憑證式金融服務」行動化推廣計畫,,"96年4月1日 至 96年9月30日","5,600 仟元","2,500 仟元","3,100 仟元",http://itas.tdp.org.tw/content/application/itas/plan_apply/guest-cnt-browse.php?cnt_id=664
outputs/665.json,中美企業股份有限公司,數位飯店及虛擬管家建置計畫,,"96年5月1日 至 98年4月30日","60,000 仟元","24,000 仟元","36,000 仟元",http://itas.tdp.org.tw/content/application/itas/plan_apply/guest-cnt-browse.php?cnt_id=665
outputs/666.json,正文科技股份有限公司,正文WiMAX創新技術合作網絡計畫,,"96年11月1日 至 98年10月31日","44,000 仟元","15,500 仟元","28,500 仟元",http://itas.tdp.org.tw/content/application/itas/plan_apply/guest-cnt-browse.php?cnt_id=666
outputs/667.json,數碼網路科技股份有限公司,"Mobile EZrun 行動支付系統研發暨推廣計畫",,"96年4月1日 至 96年9月30日","3,100 仟元","1,400 仟元","1,700 仟元",http://itas.tdp.org.tw/content/application/itas/plan_apply/guest-cnt-browse.php?cnt_id=667
outputs/668.json,海灣國際股份有限公司,科技化文件託管服務系統,,"96年7月1日 至 96年12月31日","6,500 仟元","2,900 仟元","3,600 仟元",http://itas.tdp.org.tw/content/application/itas/plan_apply/guest-cnt-browse.php?cnt_id=668
outputs/669.json,金揚資訊科技股份有限公司,二維條碼行動付款服務,http://www.quickmark.com.tw,"96年9月1日 至 97年2月29日","5,800 仟元","2,200 仟元","3,600 仟元",http://itas.tdp.org.tw/content/application/itas/plan_apply/guest-cnt-browse.php?cnt_id=669
outputs/670.json,微程式資訊股份有限公司,RFID智慧型護送系統,http://www.program.com.tw,"97年1月1日 至 98年6月30日","18,000 仟元","7,100 仟元","10,900 仟元",http://itas.tdp.org.tw/content/application/itas/plan_apply/guest-cnt-browse.php?cnt_id=670
outputs/671.json,德鴻科技股份有限公司,客服中心人資優化系統軟體開發計畫,http://www.dtsc.com.tw,"97年1月1日 至 98年12月31日","33,750 仟元","13,500 仟元","20,250 仟元",http://itas.tdp.org.tw/content/application/itas/plan_apply/guest-cnt-browse.php?cnt_id=671
outputs/672.json,東捷氣體產業共通應用系統開發計畫,東捷資訊服務股份有限公司,http://www.itts.com.tw,"96年9月1日 至 98年2月28日","30,000 仟元","10,600 仟元","19,400 仟元",http://itas.tdp.org.tw/content/application/itas/plan_apply/guest-cnt-browse.php?cnt_id=672
outputs/673.json,鼎緒科技股份有限公司,新世代網路創新應用服務計畫,http://www.distich.com,"97年1月1日 至 97年6月30日","3,100 仟元","1,400 仟元","1,700 仟元",http://itas.tdp.org.tw/content/application/itas/plan_apply/guest-cnt-browse.php?cnt_id=673
outputs/674.json,成霖企業股份有限公司,成霖集團全球通路運籌及創新加值服務計畫,http://www.globeunion.com/,"97年1月1日 至 98年12月31日","47,000 仟元","18,000 仟元","29,000 仟元",http://itas.tdp.org.tw/content/application/itas/plan_apply/guest-cnt-browse.php?cnt_id=674
outputs/675.json,一零四資訊科技股份有限公司,業務人才評價互動網-平台建置計畫,http://www.104.com.tw,"97年1月1日 至 97年6月30日","7,000 仟元","2,100 仟元","4,900 仟元",http://itas.tdp.org.tw/content/application/itas/plan_apply/guest-cnt-browse.php?cnt_id=675
outputs/676.json,汎宇電商股份有限公司,"CSHELF WEB 2.0讀者社群計畫",http://www.universalec.com,"97年1月1日 至 97年6月30日","6,200 仟元","2,800 仟元","3,400 仟元",http://itas.tdp.org.tw/content/application/itas/plan_apply/guest-cnt-browse.php?cnt_id=676
outputs/677.json,戲子遊戲工作室科技股份有限公司,互動式個人媒體社群分享網站--Roomi,,"97年1月1日 至 97年6月30日","2,200 仟元","1,000 仟元","1,200 仟元",http://itas.tdp.org.tw/content/application/itas/plan_apply/guest-cnt-browse.php?cnt_id=677
outputs/679.json,台灣走走網股份有限公司,台灣走走網Web2.0旅遊服務知識平台,http://www.taiwangogo.com.tw,"97年1月1日 至 97年6月30日","1,500 仟元","670 仟元","830 仟元",http://itas.tdp.org.tw/content/application/itas/plan_apply/guest-cnt-browse.php?cnt_id=679
outputs/680.json,雄獅旅行社股份有限公司,台灣之光旅遊體驗網,http://www.liontravel.com,"97年1月1日 至 97年6月30日","6,200 仟元","2,800 仟元","3,400 仟元",http://itas.tdp.org.tw/content/application/itas/plan_apply/guest-cnt-browse.php?cnt_id=680
outputs/681.json,碩網資訊股份有限公司,維基百科內容加值服務研究與開發,http://www.intumit.com,"97年1月1日 至 97年6月30日","2,200 仟元","1,000 仟元","1,200 仟元",http://itas.tdp.org.tw/content/application/itas/plan_apply/guest-cnt-browse.php?cnt_id=681
outputs/682.json,凌網科技股份有限公司,"Where 2.0-共通定位服務平台及應用服務",http://www.hyweb.com.tw,"97年1月1日 至 97年6月30日","6,200 仟元","2,800 仟元","3,400 仟元",http://itas.tdp.org.tw/content/application/itas/plan_apply/guest-cnt-browse.php?cnt_id=682
outputs/683.json,曜發科技股份有限公司,地產大亨互動地圖式社群平台,http://www.efatek.com,"97年1月1日 至 97年6月30日","3,100 仟元","1,400 仟元","1,700 仟元",http://itas.tdp.org.tw/content/application/itas/plan_apply/guest-cnt-browse.php?cnt_id=683
outputs/684.json,波麗斯科技股份有限公司,跨類別之協同式物品分享平台建置計畫,http://blog.ppolis.com,"97年1月1日 至 97年6月30日","1,820 仟元","910 仟元","910 仟元",http://itas.tdp.org.tw/content/application/itas/plan_apply/guest-cnt-browse.php?cnt_id=684
outputs/685.json,寶石星球股份有限公司,新世代網路手機數位內容網路行銷計畫,http://www.gemmyplanet.com,"97年1月1日 至 97年6月30日","1,550 仟元","700 仟元","850 仟元",http://itas.tdp.org.tw/content/application/itas/plan_apply/guest-cnt-browse.php?cnt_id=685
outputs/686.json,悠活渡假事業股份有限公司,樂活長住U化服務系統建置計畫,http://www.yoho.com.tw,"97年1月1日 至 98年12月31日","57,500 仟元","23,000 仟元","34,500 仟元",http://itas.tdp.org.tw/content/application/itas/plan_apply/guest-cnt-browse.php?cnt_id=686
outputs/900.json,中華電視股份有限公司,DVB-H行動電視創新服務科專計畫,http://www.cts.com.tw,"96年7月1日 至 98年6月30日","71,350 仟元","25,060 仟元","46,290 仟元",http://itas.tdp.org.tw/content/application/itas/plan_apply/guest-cnt-browse.php?cnt_id=900
outputs/901.json,全國意向顧問股份有限公司,複數資料庫映射技術整合暨消費行為模擬系統建置計畫,http://www.trendgo.com.tw,"96年1月1日 至 98年12月31日","33,310 仟元","11,850 仟元","21,460 仟元",http://itas.tdp.org.tw/content/application/itas/plan_apply/guest-cnt-browse.php?cnt_id=901
outputs/902.json,佳生企業股份有限公司,整合型臨床試驗運作管理中心建構計畫,http://www.protechlab.com.tw,"96年4月1日 至 98年9月30日","80,000 仟元","26,500 仟元","53,500 仟元",http://itas.tdp.org.tw/content/application/itas/plan_apply/guest-cnt-browse.php?cnt_id=902
outputs/903.json,和平整合資訊股份有限公司,災害現場WiMAX通訊指揮系統計畫,http://www.peace.com.tw,"97年1月1日 至 98年9月30日","45,000 仟元","18,000 仟元","27,000 仟元",http://itas.tdp.org.tw/content/application/itas/plan_apply/guest-cnt-browse.php?cnt_id=903
outputs/905.json,研華股份有限公司,建立使用者導向創新協同研發設計機制計畫,http://www.advantech.tw,"96年9月1日 至 98年8月31日","33,000 仟元","10,320 仟元","22,680 仟元",http://itas.tdp.org.tw/content/application/itas/plan_apply/guest-cnt-browse.php?cnt_id=905
outputs/906.json,慈聯企業股份有限公司,銀髮族行動化數位資訊健康照護服務系統計畫,,"96年4月1日 至 98年3月31日","49,670 仟元","14,925 仟元","34,745 仟元",http://itas.tdp.org.tw/content/application/itas/plan_apply/guest-cnt-browse.php?cnt_id=906
outputs/907.json,國興資訊股份有限公司,數位互動電視於有線電視業之創新服務應用計畫,http://www.ksi.com.tw/,"96年6月1日 至 96年12月31日","11,120 仟元","3,800 仟元","7,320 仟元",http://itas.tdp.org.tw/content/application/itas/plan_apply/guest-cnt-browse.php?cnt_id=907
outputs/908.json,阿瘦實業股份有限公司,鞋品e學專家服務系統先期研究計畫,http://www.aso.com.tw,"96年7月1日 至 96年9月30日","2,800 仟元","1,780 仟元","1,020 仟元",http://itas.tdp.org.tw/content/application/itas/plan_apply/guest-cnt-browse.php?cnt_id=908
outputs/909.json,智邦科技股份有限公司,藝術媒合交易市集開發計畫,http://www.accton.com.tw/,"96年7月1日 至 98年6月30日","30,000 仟元","10,550 仟元","19,450 仟元",http://itas.tdp.org.tw/content/application/itas/plan_apply/guest-cnt-browse.php?cnt_id=909
outputs/910.json,首機網路股份有限公司,"Sogi 2.0多產品頻道發展與推廣","http://www.sogi.com.tw ","97年1月1日 至 97年6月30日","2,000 仟元","900 仟元","1,100 仟元",http://itas.tdp.org.tw/content/application/itas/plan_apply/guest-cnt-browse.php?cnt_id=910
outputs/913.json,連穎科技股份有限公司,全方位智權運用平台計畫,http://www.learningtech.com.tw/,"96年9月1日 至 97年8月31日","25,000 仟元","9,000 仟元","16,000 仟元",http://itas.tdp.org.tw/content/application/itas/plan_apply/guest-cnt-browse.php?cnt_id=913
outputs/931.json,中興保全股份有限公司,優化生活、幸福連線─健康照護服務建置計畫,"http://www.secom.com.tw ","96年1月1日 至 97年12月31日","74,000 仟元","30,000 仟元","44,000 仟元",http://itas.tdp.org.tw/content/application/itas/plan_apply/guest-cnt-browse.php?cnt_id=931
outputs/932.json,財團法人天主教耕莘醫院,全方位老人生活健康照護網計畫,http://www.cth.org.tw,"96年2月1日 至 97年7月31日","56,000 仟元","20,730 仟元","35,270 仟元",http://itas.tdp.org.tw/content/application/itas/plan_apply/guest-cnt-browse.php?cnt_id=932
outputs/933.json,敏盛醫控股份有限公司,去機構化之高齡者照護服務平台計畫,http://www.e-ms.com.tw,"96年1月1日 至 97年12月31日","92,300 仟元","30,000 仟元","62,300 仟元",http://itas.tdp.org.tw/content/application/itas/plan_apply/guest-cnt-browse.php?cnt_id=933
outputs/934.json,遠傳電信股份有限公司,遠距健康照護示範服務先期規劃,http://www.fareastone.com.tw,"96年2月1日 至 96年7月31日","5,000 仟元","1,900 仟元","3,100 仟元",http://itas.tdp.org.tw/content/application/itas/plan_apply/guest-cnt-browse.php?cnt_id=934
outputs/935.json,財團法人長庚紀念醫院,銀髮族優質照護服務創新計畫,,"95年11月1日 至 97年10月31日","31,780 仟元","11,745 仟元","20,035 仟元",http://itas.tdp.org.tw/content/application/itas/plan_apply/guest-cnt-browse.php?cnt_id=935
outputs/941.json,浩漢產品設計股份有限公司,設計服務業的知識管理應用平台研發計畫,,"91年1月1日 至 92年6月30日","43,190 仟元","14,000 仟元","29,190 仟元",http://itas.tdp.org.tw/content/application/itas/plan_apply/guest-cnt-browse.php?cnt_id=941
outputs/942.json,宏遠育成科技股份有限公司,運用知識服務系統培育創新技術產業,,"91年4月1日 至 93年3月31日","38,600 仟元","14,400 仟元","24,200 仟元",http://itas.tdp.org.tw/content/application/itas/plan_apply/guest-cnt-browse.php?cnt_id=942
outputs/943.json,綠色四季生物技術股份有限公司,新藥研發短中長期毒理試驗、毒性病理及血液生化知識庫開發計畫,,"91年6月1日 至 94年5月31日","64,980 仟元","13,900 仟元","51,080 仟元",http://itas.tdp.org.tw/content/application/itas/plan_apply/guest-cnt-browse.php?cnt_id=943
outputs/944.json,安侯企業管理股份有限公司,技術商業化整合性支援服務計畫,,"91年6月1日 至 93年5月31日","34,500 仟元","9,500 仟元","25,000 仟元",http://itas.tdp.org.tw/content/application/itas/plan_apply/guest-cnt-browse.php?cnt_id=944
outputs/945.json,佳生科技顧問股份有限公司,藥物臨床核心實驗室之研發服務系統開發計畫,,"91年8月1日 至 93年7月31日","134,230 仟元","27,700 仟元","106,530 仟元",http://itas.tdp.org.tw/content/application/itas/plan_apply/guest-cnt-browse.php?cnt_id=945
outputs/946.json,創意電子股份有限公司,矽智財匯集服務建置計畫,,"91年9月1日 至 92年8月31日","75,296 仟元","20,000 仟元","55,296 仟元",http://itas.tdp.org.tw/content/application/itas/plan_apply/guest-cnt-browse.php?cnt_id=946
outputs/947.json,智原科技股份有限公司,"SIP Mall建設與SIP匯集計畫",,"92年1月1日 至 92年12月31日","114,240 仟元","28,000 仟元","86,240 仟元",http://itas.tdp.org.tw/content/application/itas/plan_apply/guest-cnt-browse.php?cnt_id=947
outputs/948.json,源捷科技股份有限公司,"IC 設計整合平台之發展計畫書",,"92年1月1日 至 92年12月31日","50,000 仟元","15,000 仟元","35,000 仟元",http://itas.tdp.org.tw/content/application/itas/plan_apply/guest-cnt-browse.php?cnt_id=948
outputs/949.json,虎門科技股份有限公司,工業產品之技術研發及顧問服務,,"91年10月1日 至 93年9月30日","42,020 仟元","13,000 仟元","29,020 仟元",http://itas.tdp.org.tw/content/application/itas/plan_apply/guest-cnt-browse.php?cnt_id=949
outputs/950.json,台灣安捷倫科技股份有限公司,整合平台服務計畫,,"92年4月1日 至 93年9月30日","52,477 仟元","20,000 仟元","32,477 仟元",http://itas.tdp.org.tw/content/application/itas/plan_apply/guest-cnt-browse.php?cnt_id=950
outputs/951.json,台灣積體電路製造股份有限公司,"90 nm及130 nm世代晶片系統設計服務平台發展計畫",,"92年11月1日 至 94年6月30日","132,600 仟元","49,000 仟元","83,600 仟元",http://itas.tdp.org.tw/content/application/itas/plan_apply/guest-cnt-browse.php?cnt_id=951
outputs/952.json,全面顧問股份有限公司,建立全球性生技製藥產業研發階段所需之臨床試驗執行平台計畫,,"92年4月1日 至 94年3月31日","28,582 仟元","7,700 仟元","20,882 仟元",http://itas.tdp.org.tw/content/application/itas/plan_apply/guest-cnt-browse.php?cnt_id=952
outputs/953.json,華肝基因股份有限公司,基因抗體服務的技術平台開發計畫,http://www.Ah-gene.com.tw,"92年8月1日 至 94年7月31日","24,620 仟元","8,600 仟元","16,020 仟元",http://itas.tdp.org.tw/content/application/itas/plan_apply/guest-cnt-browse.php?cnt_id=953
outputs/954.json,永昕生物醫藥股份有限公司,"生物藥 cGMP 委託開發服務中心 (CMO) 之建立",http://www.mycenax.com.tw,"92年10月1日 至 94年9月30日","53,200 仟元","17,000 仟元","36,200 仟元",http://itas.tdp.org.tw/content/application/itas/plan_apply/guest-cnt-browse.php?cnt_id=954
outputs/955.json,進階生物科技股份有限公司,基因轉殖鼠與胚胎幹細胞科技開發計畫,http://www.level.com.tw,"92年9月1日 至 94年8月31日","34,100 仟元","12,000 仟元","22,100 仟元",http://itas.tdp.org.tw/content/application/itas/plan_apply/guest-cnt-browse.php?cnt_id=955
outputs/956.json,台灣電視事業股份有限公司,數位影音內容交易市集開發計畫,http://www.ttv.com.tw,"93年1月1日 至 94年6月30日","47,160 仟元","14,280 仟元","32,880 仟元",http://itas.tdp.org.tw/content/application/itas/plan_apply/guest-cnt-browse.php?cnt_id=956
outputs/957.json,亞太智財科技服務股份有限公司,企業端互動式智財管理平台計畫,http://www.atips.com.,"92年11月1日 至 94年4月30日","23,610 仟元","8,800 仟元","14,810 仟元",http://itas.tdp.org.tw/content/application/itas/plan_apply/guest-cnt-browse.php?cnt_id=957
outputs/958.json,世訊科技股份有限公司,研發服務業的共享知識應用平台研發計畫-以產品創新設計與工程為導向,,"92年9月1日 至 94年8月31日","51,600 仟元","17,200 仟元","34,400 仟元",http://itas.tdp.org.tw/content/application/itas/plan_apply/guest-cnt-browse.php?cnt_id=958
outputs/959.json,虹晶科技股份有限公司,整合評估機制的設計平台服務計畫,,"93年4月1日 至 94年9月30日","22,170 仟元","8,000 仟元","14,170 仟元",http://itas.tdp.org.tw/content/application/itas/plan_apply/guest-cnt-browse.php?cnt_id=959
outputs/960.json,大榮汽車貨運股份有限公司,多溫共配營運系統開發與應用計畫,http://www.tjoin.com、http://www.taskco.com.tw、http://www.tde.com.tw,"93年12月1日 至 95年11月30日","92,480 仟元","29,870 仟元","62,610 仟元",http://itas.tdp.org.tw/content/application/itas/plan_apply/guest-cnt-browse.php?cnt_id=960
outputs/961.json,智慧藏學習科技股份有限公司,圖文素材整合流通服務平台開發計畫,"http://www.wordpedia.com ","93年6月1日 至 95年5月31日","50,000 仟元","18,000 仟元","32,000 仟元",http://itas.tdp.org.tw/content/application/itas/plan_apply/guest-cnt-browse.php?cnt_id=961
outputs/962.json,福特六和汽車股份有限公司,汽車材料管理應用平台研發計畫,"http://www.ford.com.tw ","93年7月1日 至 95年6月30日","50,000 仟元","15,000 仟元","35,000 仟元",http://itas.tdp.org.tw/content/application/itas/plan_apply/guest-cnt-browse.php?cnt_id=962
outputs/963.json,富邦產物保險股份有限公司,高科技產業震害風險評估系統研發計畫,http://www.518fb.com,"93年10月1日 至 95年9月30日","12,500 仟元","4,500 仟元","8,000 仟元",http://itas.tdp.org.tw/content/application/itas/plan_apply/guest-cnt-browse.php?cnt_id=963
outputs/964.json,艾爾科技股份有限公司,以語音分析技術為核心之線上華語學習平台計畫,http://www.myet.com,"94年7月1日 至 96年6月30日","11,000 仟元","4,270 仟元","6,730 仟元",http://itas.tdp.org.tw/content/application/itas/plan_apply/guest-cnt-browse.php?cnt_id=964
outputs/965.json,捷安特股份有限公司,創新自行車網絡服務系統計畫,http://www.giant-bicycles.com,"94年7月1日 至 96年6月30日","32,200 仟元","9,530 仟元","22,670 仟元",http://itas.tdp.org.tw/content/application/itas/plan_apply/guest-cnt-browse.php?cnt_id=965
outputs/966.json,工業技術研究院代表三陽工業等聯盟會員企業,新世代創意聯盟推動試辦計畫,"http://www.creativitylab.org.tw ","94年5月1日 至 95年4月30日","50,000 仟元","20,000 仟元","30,000 仟元",http://itas.tdp.org.tw/content/application/itas/plan_apply/guest-cnt-browse.php?cnt_id=966
outputs/967.json,行毅科技股份有限公司,ＳＩＲ－Ｖ服務整合性計畫,http://www.sine.com.tw,"94年10月1日 至 96年9月30日","85,000 仟元","32,320 仟元","52,680 仟元",http://itas.tdp.org.tw/content/application/itas/plan_apply/guest-cnt-browse.php?cnt_id=967
outputs/968.json,美德向邦股份有限公司,高等防護性紡織品技術研發環境與服務整合之建構計畫,http://www.medtecs.com,"94年8月1日 至 97年7月31日","267,980 仟元","47,715 仟元","220,265 仟元",http://itas.tdp.org.tw/content/application/itas/plan_apply/guest-cnt-browse.php?cnt_id=968
outputs/969.json,台灣檢驗科技股份有限公司,WCDMA功能測項驗證及測試服務,http://www.tw.sgs.com,"95年4月1日 至 97年3月31日","54,740 仟元","15,000 仟元","39,740 仟元",http://itas.tdp.org.tw/content/application/itas/plan_apply/guest-cnt-browse.php?cnt_id=969
outputs/970.json,中華電信股份有限公司,行動悠遊Easy-Mo研發計畫,,"95年9月1日 至 96年11月30日","50,000 仟元","15,000 仟元","35,000 仟元",http://itas.tdp.org.tw/content/application/itas/plan_apply/guest-cnt-browse.php?cnt_id=970
outputs/971.json,全面顧問股份有限公司,"以『SMO 產業及相關醫療機構』為知識經濟模式，建立亞太地區新藥臨床試驗服務產業平台",http://www.ttmc.com.tw,"95年9月1日 至 97年8月31日","49,800 仟元","18,900 仟元","30,900 仟元",http://itas.tdp.org.tw/content/application/itas/plan_apply/guest-cnt-browse.php?cnt_id=971
outputs/972.json,祥碩興業股份有限公司,"汽車生活服優計畫(Car-life FOYU )",http://www.aat.com.tw,"95年12月1日 至 97年5月31日","45,000 仟元","16,170 仟元","28,830 仟元",http://itas.tdp.org.tw/content/application/itas/plan_apply/guest-cnt-browse.php?cnt_id=972
outputs/973.json,智邦科技股份有限公司,藝術媒合交易市集開發計畫(先期規劃),http://www.accton.com,"97年2月19日 至 97年2月19日","4,080 仟元","1,560 仟元","2,520 仟元",http://itas.tdp.org.tw/content/application/itas/plan_apply/guest-cnt-browse.php?cnt_id=973
outputs/974.json,工業技術研究院代表三陽工業等聯盟會員企業,新世代創意聯盟推動計畫,http://www.itri.org.tw,"95年12月1日 至 97年11月30日","50,000 仟元","20,000 仟元","30,000 仟元",http://itas.tdp.org.tw/content/application/itas/plan_apply/guest-cnt-browse.php?cnt_id=974
outputs/976.json,社團法人雲林縣老人福利保護協會,無線生理監測系統運用於居家糖尿病及高血壓老人照護服務計畫,,"96年1月1日 至 97年12月31日","32,000 仟元","12,000 仟元","20,000 仟元",http://itas.tdp.org.tw/content/application/itas/plan_apply/guest-cnt-browse.php?cnt_id=976
